cell_id,group,dataset,method,seed,variant,status,run_id,attempt_n,elapsed_s
dev/core50_nc/host_capability/host_capability/0,host_capability,core50_nc,host_capability,0,host_capability,unavailable,,1,
dev/core50_nc/eval_batch/eval_core50_nc_b128/0,eval_batch,core50_nc,eval_core50_nc_b128,0,eval_batch,completed,effectiveness_v3_20260918T034951Z_79924874,1,
dev/core50_nc/eval_batch/eval_core50_nc_b32/0,eval_batch,core50_nc,eval_core50_nc_b32,0,eval_batch,completed,effectiveness_v3_20260918T035026Z_9d0bd278,1,
dev/core50_nc/eval_batch/eval_core50_nc_b8/0,eval_batch,core50_nc,eval_core50_nc_b8,0,eval_batch,completed,effectiveness_v3_20260918T035102Z_024561a7,1,
dev/splitcifar100/eval_batch/eval_splitcifar100_b128/0,eval_batch,splitcifar100,eval_splitcifar100_b128,0,eval_batch,completed,effectiveness_v3_20260918T035221Z_7b303cae,1,
dev/splitcifar100/eval_batch/eval_splitcifar100_b32/0,eval_batch,splitcifar100,eval_splitcifar100_b32,0,eval_batch,completed,effectiveness_v3_20260918T035236Z_4f0930ef,1,
dev/splitcifar100/eval_batch/eval_splitcifar100_b8/0,eval_batch,splitcifar100,eval_splitcifar100_b8,0,eval_batch,completed,effectiveness_v3_20260918T035250Z_e0948625,1,
dev/core50_nc/s0_profile/s0_core50_nc_rep0/0,s0_profile,core50_nc,s0_core50_nc_rep0,0,s0_profile,completed,effectiveness_v3_20260918T040734Z_93bd9bba,1,
dev/core50_nc/s0_profile/s0_core50_nc_rep1/0,s0_profile,core50_nc,s0_core50_nc_rep1,0,s0_profile,completed,effectiveness_v3_20260918T041110Z_7da6f0cf,1,
dev/core50_nc/plugin_cost/cost_core50_nc_b64/0,plugin_cost,core50_nc,cost_core50_nc_b64,0,plugin_cost,completed,effectiveness_v3_20260918T041442Z_64049f11,1,
dev/core50_nc/plugin_cost/cost_core50_nc_b256/0,plugin_cost,core50_nc,cost_core50_nc_b256,0,plugin_cost,completed,effectiveness_v3_20260918T041653Z_27f9e4f1,1,
dev/core50_nc/plugin_cost/cost_core50_nc_gem/0,plugin_cost,core50_nc,cost_core50_nc_gem,0,plugin_cost,completed,effectiveness_v3_20260918T041849Z_142c7d28,1,
dev/core50_nc/plugin_cost/cost_core50_nc_ewc/0,plugin_cost,core50_nc,cost_core50_nc_ewc,0,plugin_cost,completed,effectiveness_v3_20260918T042714Z_1547820b,1,
dev/core50_nc/plugin_cost/cost_core50_nc_gem_ewc/0,plugin_cost,core50_nc,cost_core50_nc_gem_ewc,0,plugin_cost,completed,effectiveness_v3_20260918T043807Z_ed855c65,1,
dev/splitcifar100/s0_profile/s0_splitcifar100_rep0/0,s0_profile,splitcifar100,s0_splitcifar100_rep0,0,s0_profile,completed,effectiveness_v3_20260918T045416Z_2e6c108f,1,
dev/splitcifar100/s0_profile/s0_splitcifar100_rep1/0,s0_profile,splitcifar100,s0_splitcifar100_rep1,0,s0_profile,completed,effectiveness_v3_20260918T045539Z_46e01d7e,1,
dev/splitcifar100/plugin_cost/cost_splitcifar100_b64/0,plugin_cost,splitcifar100,cost_splitcifar100_b64,0,plugin_cost,completed,effectiveness_v3_20260918T045709Z_0b11e29d,1,
dev/splitcifar100/plugin_cost/cost_splitcifar100_b256/0,plugin_cost,splitcifar100,cost_splitcifar100_b256,0,plugin_cost,completed,effectiveness_v3_20260918T045753Z_531aff64,1,
dev/splitcifar100/plugin_cost/cost_splitcifar100_gem/0,plugin_cost,splitcifar100,cost_splitcifar100_gem,0,plugin_cost,completed,effectiveness_v3_20260918T045833Z_3ea4231e,1,
dev/splitcifar100/plugin_cost/cost_splitcifar100_ewc/0,plugin_cost,splitcifar100,cost_splitcifar100_ewc,0,plugin_cost,completed,effectiveness_v3_20260918T050219Z_ee7b9532,1,
dev/splitcifar100/plugin_cost/cost_splitcifar100_gem_ewc/0,plugin_cost,splitcifar100,cost_splitcifar100_gem_ewc,0,plugin_cost,completed,effectiveness_v3_20260918T050652Z_3e217be9,1,
dev/core50_nc/quota_scan/quota_core50_nc_q160/0,quota_scan,core50_nc,quota_core50_nc_q160,0,quota_scan,completed,effectiveness_v3_20260918T051310Z_753bf737,1,
dev/core50_nc/quota_scan/quota_core50_nc_q176/0,quota_scan,core50_nc,quota_core50_nc_q176,0,quota_scan,completed,effectiveness_v3_20260918T051644Z_afe539fc,1,
dev/core50_nc/quota_scan/quota_core50_nc_q192/0,quota_scan,core50_nc,quota_core50_nc_q192,0,quota_scan,completed,effectiveness_v3_20260918T052003Z_0326cd41,1,
dev/core50_nc/quota_scan/quota_core50_nc_q208/0,quota_scan,core50_nc,quota_core50_nc_q208,0,quota_scan,completed,effectiveness_v3_20260918T052329Z_c1d89672,1,
dev/core50_nc/quota_scan/quota_core50_nc_q224/0,quota_scan,core50_nc,quota_core50_nc_q224,0,quota_scan,completed,effectiveness_v3_20260918T052702Z_ca15a41b,1,
dev/core50_nc/quota_scan/quota_core50_nc_q240/0,quota_scan,core50_nc,quota_core50_nc_q240,0,quota_scan,completed,effectiveness_v3_20260918T053032Z_b8606185,1,
dev/core50_nc/quota_scan/quota_core50_nc_q256/0,quota_scan,core50_nc,quota_core50_nc_q256,0,quota_scan,completed,effectiveness_v3_20260918T053405Z_da48ec62,1,
dev/core50_nc/quota_scan/quota_core50_nc_q272/0,quota_scan,core50_nc,quota_core50_nc_q272,0,quota_scan,completed,effectiveness_v3_20260918T053739Z_7f296087,1,
dev/splitcifar100/quota_scan/quota_splitcifar100_q160/0,quota_scan,splitcifar100,quota_splitcifar100_q160,0,quota_scan,completed,effectiveness_v3_20260918T054112Z_d4208e97,1,
dev/splitcifar100/quota_scan/quota_splitcifar100_q176/0,quota_scan,splitcifar100,quota_splitcifar100_q176,0,quota_scan,completed,effectiveness_v3_20260918T054236Z_cc768590,1,
dev/splitcifar100/quota_scan/quota_splitcifar100_q192/0,quota_scan,splitcifar100,quota_splitcifar100_q192,0,quota_scan,completed,effectiveness_v3_20260918T054400Z_e4bd3c8e,1,
dev/splitcifar100/quota_scan/quota_splitcifar100_q208/0,quota_scan,splitcifar100,quota_splitcifar100_q208,0,quota_scan,completed,effectiveness_v3_20260918T054522Z_0bab737f,1,
dev/splitcifar100/quota_scan/quota_splitcifar100_q224/0,quota_scan,splitcifar100,quota_splitcifar100_q224,0,quota_scan,completed,effectiveness_v3_20260918T054644Z_7e5cb9f5,1,
dev/splitcifar100/quota_scan/quota_splitcifar100_q240/0,quota_scan,splitcifar100,quota_splitcifar100_q240,0,quota_scan,completed,effectiveness_v3_20260918T054805Z_038271a2,1,
dev/splitcifar100/quota_scan/quota_splitcifar100_q256/0,quota_scan,splitcifar100,quota_splitcifar100_q256,0,quota_scan,completed,effectiveness_v3_20260918T054930Z_6d7360cb,1,
dev/splitcifar100/quota_scan/quota_splitcifar100_q272/0,quota_scan,splitcifar100,quota_splitcifar100_q272,0,quota_scan,completed,effectiveness_v3_20260918T055051Z_91f34914,1,
dev/core50_nc/q_loose_verify/loose_core50_nc_q320/0,q_loose_verify,core50_nc,loose_core50_nc_q320,0,q_loose_verify,completed,effectiveness_v3_20260918T055222Z_53e5a22d,1,
dev/core50_nc/plugin_loose/plugin_loose_core50_nc_q320/0,plugin_loose,core50_nc,plugin_loose_core50_nc_q320,0,plugin_loose,completed,effectiveness_v3_20260918T055602Z_9b29b8f8,1,
dev/core50_nc/l_cal/lcal_core50_nc_q320_rep0/0,l_cal,core50_nc,lcal_core50_nc_q320_rep0,0,l_cal,completed,effectiveness_v3_20260918T061211Z_f25203dd,1,
dev/core50_nc/l_cal/lcal_core50_nc_q320_rep1/0,l_cal,core50_nc,lcal_core50_nc_q320_rep1,0,l_cal,completed,effectiveness_v3_20260918T061541Z_8747fb0e,1,
dev/core50_nc/static_search_tight/search_tight_core50_nc_b16_r200_q160/0,static_search_tight,core50_nc,search_tight_core50_nc_b16_r200_q160,0,static_search_tight,completed,effectiveness_v3_20260918T061925Z_1158848e,1,
dev/core50_nc/static_search_tight/search_tight_core50_nc_b16_r2000_q160/0,static_search_tight,core50_nc,search_tight_core50_nc_b16_r2000_q160,0,static_search_tight,completed,effectiveness_v3_20260918T062258Z_fb2a4c31,1,
dev/core50_nc/static_search_tight/search_tight_core50_nc_b64_r200_q160/0,static_search_tight,core50_nc,search_tight_core50_nc_b64_r200_q160,0,static_search_tight,cuda_oom,effectiveness_v3_20260918T062624Z_021adce6,1,
dev/core50_nc/static_search_tight/search_tight_core50_nc_b64_r2000_q160/0,static_search_tight,core50_nc,search_tight_core50_nc_b64_r2000_q160,0,static_search_tight,cuda_oom,effectiveness_v3_20260918T062632Z_f14a7bae,1,
dev/core50_nc/static_search_tight/search_tight_core50_nc_b256_r200_q160/0,static_search_tight,core50_nc,search_tight_core50_nc_b256_r200_q160,0,static_search_tight,cuda_oom,effectiveness_v3_20260918T062640Z_1ae47bce,1,
dev/core50_nc/static_search_tight/search_tight_core50_nc_b256_r2000_q160/0,static_search_tight,core50_nc,search_tight_core50_nc_b256_r2000_q160,0,static_search_tight,cuda_oom,effectiveness_v3_20260918T062648Z_a187fa33,1,
dev/core50_nc/static_search_loose/search_loose_core50_nc_b16_r200_q320/0,static_search_loose,core50_nc,search_loose_core50_nc_b16_r200_q320,0,static_search_loose,completed,effectiveness_v3_20260918T062705Z_ce1e6152,1,
dev/core50_nc/static_search_loose/search_loose_core50_nc_b16_r2000_q320/0,static_search_loose,core50_nc,search_loose_core50_nc_b16_r2000_q320,0,static_search_loose,completed,effectiveness_v3_20260918T063035Z_a97c2d26,1,
dev/core50_nc/static_search_loose/search_loose_core50_nc_b64_r200_q320/0,static_search_loose,core50_nc,search_loose_core50_nc_b64_r200_q320,0,static_search_loose,completed,effectiveness_v3_20260918T063410Z_35400e3d,1,
dev/core50_nc/static_search_loose/search_loose_core50_nc_b64_r2000_q320/0,static_search_loose,core50_nc,search_loose_core50_nc_b64_r2000_q320,0,static_search_loose,completed,effectiveness_v3_20260918T063618Z_0d2342fd,1,
dev/core50_nc/static_search_loose/search_loose_core50_nc_b256_r200_q320/0,static_search_loose,core50_nc,search_loose_core50_nc_b256_r200_q320,0,static_search_loose,cuda_oom,effectiveness_v3_20260918T063833Z_0e8cd303,1,
dev/core50_nc/static_search_loose/search_loose_core50_nc_b256_r2000_q320/0,static_search_loose,core50_nc,search_loose_core50_nc_b256_r2000_q320,0,static_search_loose,cuda_oom,effectiveness_v3_20260918T063841Z_ee57fce9,1,
dev/splitcifar100/q_loose_verify/loose_splitcifar100_q320/0,q_loose_verify,splitcifar100,loose_splitcifar100_q320,0,q_loose_verify,completed,effectiveness_v3_20260918T063857Z_99a791e7,1,
dev/splitcifar100/plugin_loose/plugin_loose_splitcifar100_q320/0,plugin_loose,splitcifar100,plugin_loose_splitcifar100_q320,0,plugin_loose,completed,effectiveness_v3_20260918T064028Z_cbe2cbf1,1,
dev/splitcifar100/l_cal/lcal_splitcifar100_q320_rep0/0,l_cal,splitcifar100,lcal_splitcifar100_q320_rep0,0,l_cal,completed,effectiveness_v3_20260918T064650Z_7d7f8e57,1,
dev/splitcifar100/l_cal/lcal_splitcifar100_q320_rep1/0,l_cal,splitcifar100,lcal_splitcifar100_q320_rep1,0,l_cal,completed,effectiveness_v3_20260918T064813Z_08eabb50,1,
dev/splitcifar100/static_search_tight/search_tight_splitcifar100_b16_r200_q160/0,static_search_tight,splitcifar100,search_tight_splitcifar100_b16_r200_q160,0,static_search_tight,completed,effectiveness_v3_20260918T064943Z_874b24ea,1,
dev/splitcifar100/static_search_tight/search_tight_splitcifar100_b16_r2000_q160/0,static_search_tight,splitcifar100,search_tight_splitcifar100_b16_r2000_q160,0,static_search_tight,completed,effectiveness_v3_20260918T065109Z_f4622985,1,
dev/splitcifar100/static_search_tight/search_tight_splitcifar100_b64_r200_q160/0,static_search_tight,splitcifar100,search_tight_splitcifar100_b64_r200_q160,0,static_search_tight,cuda_oom,effectiveness_v3_20260918T065233Z_9139655f,1,
dev/splitcifar100/static_search_tight/search_tight_splitcifar100_b64_r2000_q160/0,static_search_tight,splitcifar100,search_tight_splitcifar100_b64_r2000_q160,0,static_search_tight,cuda_oom,effectiveness_v3_20260918T065241Z_e0d38c65,1,
dev/splitcifar100/static_search_tight/search_tight_splitcifar100_b256_r200_q160/0,static_search_tight,splitcifar100,search_tight_splitcifar100_b256_r200_q160,0,static_search_tight,cuda_oom,effectiveness_v3_20260918T065250Z_18890833,1,
dev/splitcifar100/static_search_tight/search_tight_splitcifar100_b256_r2000_q160/0,static_search_tight,splitcifar100,search_tight_splitcifar100_b256_r2000_q160,0,static_search_tight,cuda_oom,effectiveness_v3_20260918T065258Z_826cd4bf,1,
dev/splitcifar100/static_search_loose/search_loose_splitcifar100_b16_r200_q320/0,static_search_loose,splitcifar100,search_loose_splitcifar100_b16_r200_q320,0,static_search_loose,completed,effectiveness_v3_20260918T065316Z_09e88ab3,1,
dev/splitcifar100/static_search_loose/search_loose_splitcifar100_b16_r2000_q320/0,static_search_loose,splitcifar100,search_loose_splitcifar100_b16_r2000_q320,0,static_search_loose,completed,effectiveness_v3_20260918T065440Z_b6aee39a,1,
dev/splitcifar100/static_search_loose/search_loose_splitcifar100_b64_r200_q320/0,static_search_loose,splitcifar100,search_loose_splitcifar100_b64_r200_q320,0,static_search_loose,completed,effectiveness_v3_20260918T065602Z_2e52079b,1,
dev/splitcifar100/static_search_loose/search_loose_splitcifar100_b64_r2000_q320/0,static_search_loose,splitcifar100,search_loose_splitcifar100_b64_r2000_q320,0,static_search_loose,completed,effectiveness_v3_20260918T065647Z_f82fb9c8,1,
dev/splitcifar100/static_search_loose/search_loose_splitcifar100_b256_r200_q320/0,static_search_loose,splitcifar100,search_loose_splitcifar100_b256_r200_q320,0,static_search_loose,cuda_oom,effectiveness_v3_20260918T065731Z_14d83092,1,
dev/splitcifar100/static_search_loose/search_loose_splitcifar100_b256_r2000_q320/0,static_search_loose,splitcifar100,search_loose_splitcifar100_b256_r2000_q320,0,static_search_loose,cuda_oom,effectiveness_v3_20260918T065739Z_9ec93436,1,
dev/core50_nc/control_2x2/control_core50_nc_O00_q160/0,control_2x2,core50_nc,control_core50_nc_O00_q160,0,control_2x2,cuda_oom,effectiveness_v3_20260918T065758Z_923243ad,1,
dev/core50_nc/control_2x2/control_core50_nc_O10_q160/0,control_2x2,core50_nc,control_core50_nc_O10_q160,0,control_2x2,cuda_oom,effectiveness_v3_20260918T065908Z_f6fddf5b,1,
dev/core50_nc/control_2x2/control_core50_nc_O01_q160/0,control_2x2,core50_nc,control_core50_nc_O01_q160,0,control_2x2,cuda_oom,effectiveness_v3_20260918T070016Z_313ede76,1,
dev/core50_nc/control_2x2/control_core50_nc_O11_q160/0,control_2x2,core50_nc,control_core50_nc_O11_q160,0,control_2x2,cuda_oom,effectiveness_v3_20260918T070126Z_72e2b9e8,1,
dev/splitcifar100/control_2x2/control_splitcifar100_O00_q160/0,control_2x2,splitcifar100,control_splitcifar100_O00_q160,0,control_2x2,completed,effectiveness_v3_20260918T070247Z_4f265e8f,1,
dev/splitcifar100/control_2x2/control_splitcifar100_O10_q160/0,control_2x2,splitcifar100,control_splitcifar100_O10_q160,0,control_2x2,cuda_oom,effectiveness_v3_20260918T070414Z_84ac12b9,1,
dev/splitcifar100/control_2x2/control_splitcifar100_O01_q160/0,control_2x2,splitcifar100,control_splitcifar100_O01_q160,0,control_2x2,completed,effectiveness_v3_20260918T070441Z_f953b85a,1,
dev/splitcifar100/control_2x2/control_splitcifar100_O11_q160/0,control_2x2,splitcifar100,control_splitcifar100_O11_q160,0,control_2x2,cuda_oom,effectiveness_v3_20260918T070608Z_9a93c0ae,1,
dev/core50_nc/dyn_reservation_probe/dyn_core50_nc_R4/0,dyn_reservation_probe,core50_nc,dyn_core50_nc_R4,0,dyn_reservation_probe,cuda_oom,effectiveness_v3_20260918T070643Z_ca7c2157,1,
dev/core50_nc/io_off/io_off_core50_nc/0,io_off,core50_nc,io_off_core50_nc,0,io_off,completed,effectiveness_v3_20260918T070802Z_9e915627,1,
dev/core50_nc/io_on/io_on_core50_nc/0,io_on,core50_nc,io_on_core50_nc,0,io_on,completed,effectiveness_v3_20260918T071131Z_f68f3c56,1,
dev/core50_nc/sensitivity/sens_thr_half_q160/0,sensitivity,core50_nc,sens_thr_half_q160,0,sensitivity,cuda_oom,effectiveness_v3_20260918T071448Z_a0c5f366,1,
dev/core50_nc/sensitivity/sens_thr_double_q160/0,sensitivity,core50_nc,sens_thr_double_q160,0,sensitivity,cuda_oom,effectiveness_v3_20260918T071559Z_e01e3443,1,
dev/core50_nc/sensitivity/sens_alpha_half_q160/0,sensitivity,core50_nc,sens_alpha_half_q160,0,sensitivity,cuda_oom,effectiveness_v3_20260918T071706Z_15ebee85,1,
dev/core50_nc/sensitivity/sens_alpha_double_q160/0,sensitivity,core50_nc,sens_alpha_double_q160,0,sensitivity,cuda_oom,effectiveness_v3_20260918T071816Z_b64b58f9,1,
dev/core50_nc/sensitivity/sens_beta_half_q160/0,sensitivity,core50_nc,sens_beta_half_q160,0,sensitivity,cuda_oom,effectiveness_v3_20260918T071926Z_2b894538,1,
dev/core50_nc/sensitivity/sens_beta_double_q160/0,sensitivity,core50_nc,sens_beta_double_q160,0,sensitivity,cuda_oom,effectiveness_v3_20260918T072035Z_faee1189,1,
dev/core50_nc/sensitivity/sens_lr_half_q160/0,sensitivity,core50_nc,sens_lr_half_q160,0,sensitivity,cuda_oom,effectiveness_v3_20260918T072142Z_620bd669,1,
dev/core50_nc/sensitivity/sens_lr_double_q160/0,sensitivity,core50_nc,sens_lr_double_q160,0,sensitivity,cuda_oom,effectiveness_v3_20260918T072252Z_cfb0717e,1,
dev/core50_nc/sensitivity/sens_delta_half_life_q160/0,sensitivity,core50_nc,sens_delta_half_life_q160,0,sensitivity,cuda_oom,effectiveness_v3_20260918T072403Z_e3878a3f,1,
dev/core50_nc/sensitivity/sens_initial_batch32_q160/0,sensitivity,core50_nc,sens_initial_batch32_q160,0,sensitivity,cuda_oom,effectiveness_v3_20260918T072509Z_1bb76c1e,1,
dev/core50_nc/sensitivity/sens_initial_replay1000_q160/0,sensitivity,core50_nc,sens_initial_replay1000_q160,0,sensitivity,cuda_oom,effectiveness_v3_20260918T072535Z_a66b8f55,1,
dev/core50_nc/sensitivity/sens_quota_loose_q320/0,sensitivity,core50_nc,sens_quota_loose_q320,0,sensitivity,completed,effectiveness_v3_20260918T072643Z_8270ed07,1,
dev/core50_nc/sensitivity/sens_quota_mid_q240/0,sensitivity,core50_nc,sens_quota_mid_q240,0,sensitivity,completed,effectiveness_v3_20260918T073910Z_ebc842d3,1,
dev/core50_nc/agem_profile/agem_static_q320/0,agem_profile,core50_nc,agem_static_q320,0,agem_profile,completed,effectiveness_v3_20260918T075205Z_4e190a1d,1,
dev/core50_nc/agem_profile/agem_adaptive_ewc_q320/0,agem_profile,core50_nc,agem_adaptive_ewc_q320,0,agem_profile,completed,effectiveness_v3_20260918T075722Z_0b1f08b5,1,
