group,config,status,run_id,elapsed_s,identity
dev,configs/pressure_v2/dev/d0_eval_b128.yaml,cuda_oom,20260915T091827Z_pressure_v2_10e44b2b,12.395935442000336,c7f7902cf3aca272a0f71ea9f11eb36a53eab20d9a09932a224910737e779fd2
dev,configs/pressure_v2/dev/d0_eval_b32.yaml,completed,20260915T091840Z_pressure_v2_fdfab639,9.424023462997866,9f3298ed71748321b1435b4047f39cbaec47b3a05ba95060be4b3ba862317d33
dev,configs/pressure_v2/dev/d0_eval_b8.yaml,completed,20260915T091849Z_pressure_v2_a02b9f9e,8.062415852000413,027682d5049a1e0408d17472d47812ecda448f463e5d3eafeb8a0f32b3cb8453
dev,configs/pressure_v2/dev/lcal_b16_r200_q256_rep0.yaml,completed,20260915T091857Z_pressure_v2_2068bc13,126.7161855489976,ded2f472b2da2849c9bc6e74c11ce4188580973f87e4d57de0c92c2ed43d22d9
dev,configs/pressure_v2/dev/lcal_b16_r200_q256_rep1.yaml,completed,20260915T092104Z_pressure_v2_0af67e97,91.56903470799807,e9db2a13a79a6fb42f9efd21d2e1a03261bc4cfb0ba9e1a892a2e57dc8a3c62e
dev,configs/pressure_v2/dev/profile_b64_r200_q256.yaml,cuda_oom,20260915T092236Z_pressure_v2_ae50711f,11.276517529000557,6a7bcc16fc93cef8d4cef294faa6f093f1aaca85a4c606d75143825e22ad1174
dev,configs/pressure_v2/dev/profile_advanced_q256.yaml,completed,20260915T092247Z_pressure_v2_ee9d5377,434.0088060479975,2e40eeb32bdb36218cf31b2def77707865df6ce464e46542233d536482102282
dev,configs/pressure_v2/dev/quota_b16_r200_q128.yaml,cuda_oom,20260915T093128Z_pressure_v2_9d8162c6,16.548341449000873,d450792cec8efae01331e7a31f00db19d0eb8406f42631c10ab2ffb8ba022db9
dev,configs/pressure_v2/dev/quota_b16_r200_q144.yaml,completed,20260915T093144Z_pressure_v2_495602ea,89.71012253900335,f39ec5ca4b190e014747f43f30fea5fc7763d714498ad63ffc6d7744e50a77da
dev,configs/pressure_v2/dev/quota_b16_r200_q160.yaml,completed,20260915T093314Z_pressure_v2_588291d3,90.26332766599808,f4f924ba39576d5c441fd4129b5054911af94e8d444e14b03d3dedc3e949c95e
dev,configs/pressure_v2/dev/quota_b16_r200_q176.yaml,completed,20260915T093444Z_pressure_v2_9207b31b,90.21537287699903,c0850306e1819ed85d5839be12da7a55b7cfcb0d6c6c77c8c988052a3e7836e6
dev,configs/pressure_v2/dev/quota_b16_r200_q208.yaml,completed,20260915T093614Z_pressure_v2_d973bd93,89.76204449600118,a7b2ae3159254d6ea4f1efdef35004ff56a4193d356cd3f4992b8eda671adc5a
dev,configs/pressure_v2/dev/loose_verify_q352.yaml,completed,20260915T093744Z_pressure_v2_6c7c423d,90.23931987600008,7db66dd9e7140a7455dcea4518555cd6d1833d5d789e696d5f304c7f2d79b05f
dev,configs/pressure_v2/dev/lcal_b16_r200_q352_rep0.yaml,completed,20260915T093914Z_pressure_v2_9999a7aa,90.5456938210009,998d05b1b1a9b343efdc2bec98a866e22a0682442b680474fc98f1ebf370ba63
dev,configs/pressure_v2/dev/lcal_b16_r200_q352_rep1.yaml,completed,20260915T094045Z_pressure_v2_0090aa39,90.32627667899942,f94e3842e8ae4ab9544a999386ed014961e53d03c3f62d89942d3f8c4adb2a5a
dev,configs/pressure_v2/dev/search_tight_b16_r200_q176.yaml,completed,20260915T094215Z_pressure_v2_46392e5a,89.9663469900006,8dd19eba724c276870c47d6026ee717986f10a646618c576f1e54d5390fd1b34
dev,configs/pressure_v2/dev/search_tight_b16_r2000_q176.yaml,completed,20260915T094345Z_pressure_v2_1faeaac2,91.66490323499966,8f39b6d4c6943315bd7562055009a8f70e38953880611e58e093a3b95ae4f95e
dev,configs/pressure_v2/dev/search_tight_b64_r200_q176.yaml,cuda_oom,20260915T094517Z_pressure_v2_05f85679,13.062803445998725,185d4af0af4c0142dc0609027c5b505a6082473ab46ac21c8e6fb3b3432638a0
dev,configs/pressure_v2/dev/search_tight_b64_r2000_q176.yaml,cuda_oom,20260915T094530Z_pressure_v2_ce4e2a2e,12.720014145997993,2c0ae99ce040f338f4f0fb0fbc9de23c7e3c1c49bb7b33cb49ddcdfedae601af
dev,configs/pressure_v2/dev/search_tight_b256_r200_q176.yaml,cuda_oom,20260915T094543Z_pressure_v2_2f9e67bf,5.282215299001109,36dd08b91efd597c7e8ddc8293f1f1c66de907b5424de74dac27b59cccc2ae40
dev,configs/pressure_v2/dev/search_tight_b256_r2000_q176.yaml,cuda_oom,20260915T094548Z_pressure_v2_112c3505,5.721134860999882,8a76364c9dba88a445660454b5e99c6badf3720f0a09b35b58e13e96f89d307c
dev,configs/pressure_v2/dev/search_loose_b16_r200_q352.yaml,completed,20260915T094554Z_pressure_v2_f2fa7a4c,90.43016305900164,c44f94901bd7abee603e0e743b966d71e91ee61042bfba28debbe203e7b325d8
dev,configs/pressure_v2/dev/search_loose_b16_r2000_q352.yaml,completed,20260915T094724Z_pressure_v2_f3f50d36,91.80666211300195,c767ddd8c5ac25a739056384f95e78da15ebfc7a168cc575e0fac9b00105a65f
dev,configs/pressure_v2/dev/search_loose_b64_r200_q352.yaml,completed,20260915T094856Z_pressure_v2_4fb176c7,69.09449059799954,93bef3fdaa44daafa63a8facc5eb40b5bd5959bc6ac29dd3ac91414c3b972fb8
dev,configs/pressure_v2/dev/search_loose_b64_r2000_q352.yaml,completed,20260915T095005Z_pressure_v2_bb31cdc1,69.58680037200247,6a5820f1fdcab519ab519db1945b9fd1b755dcd74e6a383f53cdc490a0bb07c0
dev,configs/pressure_v2/dev/search_loose_b256_r200_q352.yaml,cuda_oom,20260915T095115Z_pressure_v2_27f7e360,5.6616760789984255,6f62d2920eb5124cb28ccccd31a32e98e9df2fdc82db2f93d064941ab35850db
dev,configs/pressure_v2/dev/search_loose_b256_r2000_q352.yaml,cuda_oom,20260915T095120Z_pressure_v2_c804b5b9,5.67738681499759,5d1ed38124b1089737655b75da246c99c03e73a10323a489d2c1ecebfdbe4521
dev,configs/pressure_v2/dev/control_O00_q176.yaml,completed,20260915T095126Z_pressure_v2_2c43dc12,92.02720684200176,6b7bd36158e586d4973d7e81f4c023750b6f1d9e948c2bcfa2500fe075f58c73
dev,configs/pressure_v2/dev/control_O10_q176.yaml,cuda_oom,20260915T095258Z_pressure_v2_f8f85926,200.27343811899846,3c3c7e2df4941fbb9238e8fedb690140e7146dbadb9d554863249b9006fcf3a9
dev,configs/pressure_v2/dev/control_O01_q176.yaml,completed,20260915T095618Z_pressure_v2_15d2e932,91.69724418599799,63f1aebe317456b7ff04cec54c3e96d4b2b1c1456998bd6f449513360cf3a6a4
dev,configs/pressure_v2/dev/control_O11_q176.yaml,cuda_oom,20260915T095750Z_pressure_v2_9d683e39,200.53082516299764,352f5b2ee5ab96a51cf4a8e746ccd06a32bb078683a6aa0acd9565c4f2972bcc
dev,configs/pressure_v2/dev/dyn_probe_q176.yaml,completed,20260915T100111Z_pressure_v2_dc6134b0,91.99629831200218,813778e2c3c42c84dee9adc5c46f86580dde6f0f128e48fbcaec0e718d7ad10b
dev,configs/pressure_v2/dev/search_dyn_b16_r200_q176.yaml,completed,20260915T100243Z_pressure_v2_7e639a52,91.9180430310007,e3c775ea1bc49d3cb70d4995707f748bd4377ef9f6dcc99e87e8301b58197a5a
dev,configs/pressure_v2/dev/search_dyn_b16_r2000_q176.yaml,completed,20260915T100415Z_pressure_v2_50ec933d,89.89845459700155,3be0c6f4ed42ea05e3fb991a9f62c4b9c6922e79250b5294e1088b30aacc090a
dev,configs/pressure_v2/dev/search_dyn_b64_r200_q176.yaml,cuda_oom,20260915T100545Z_pressure_v2_c3634e47,13.05484299499949,e515275751a88459bf11d925f039fefb183a3bfb66d6637771720d632323a517
dev,configs/pressure_v2/dev/search_dyn_b64_r2000_q176.yaml,cuda_oom,20260915T100558Z_pressure_v2_86bf3bdd,12.6073528229972,62481cbd7e66fe3ca13d168cf84861d88e7f78f3a085ef7a5dfcf7599360b2a2
dev,configs/pressure_v2/dev/search_dyn_b256_r200_q176.yaml,cuda_oom,20260915T100610Z_pressure_v2_6730e7fd,5.295149027999287,88a3784dea4cdd7d852a4c479e7fa7c3b01e04f79ccaada25309067eb7234470
dev,configs/pressure_v2/dev/search_dyn_b256_r2000_q176.yaml,cuda_oom,20260915T100616Z_pressure_v2_ba1e2ac6,5.308461325003009,c0b517f352df222fc4f52bddc3a4ff3356e2ae7f9d78288028467cccd506dade
dev,configs/pressure_v2/dev/io_off_q_loose.yaml,completed,20260915T100621Z_pressure_v2_337e7c79,91.4305367800007,deb04192e3b3f13cc3dce0de95a1ce1bf983b417b794054a22e1684811b87ecd
dev,configs/pressure_v2/dev/io_on_q_loose.yaml,completed,20260915T100752Z_pressure_v2_f1df5f5a,139.5568747590005,43efc76742ed9828ce64fc14f432fc5d9571fa1ad53703741ebbc965b1d0eab7
tight,configs/pressure_v2/formal/tight/S0_s0.yaml,completed,20260915T101207Z_pressure_v2_76c425d6,146.66311975200006,0a5924d5a071b522508ac52ba2eb01201e4bf6909b5406213e018e71cbdf2674
tight,configs/pressure_v2/formal/tight/S_star_s0.yaml,completed,20260915T101434Z_pressure_v2_e4bcaa6e,129.00336803100072,07c37518cca92cf389842172bee1b60cf5367ac478b0aafdd277507927f5a174
tight,configs/pressure_v2/formal/tight/O00_s0.yaml,completed,20260915T101643Z_pressure_v2_e144c9fc,132.04728569799772,b65875529fad287e43961e7ebdd88633a34ea36442711bffbc87fdbe29fcf103
tight,configs/pressure_v2/formal/tight/O10_s0.yaml,cuda_oom,20260915T101855Z_pressure_v2_ab74a3ba,304.97269828999924,3b07e7fcf7a61b5df03aa34d2fd38d4b4a24181446dbc8d8886e7df820c0f15e
tight,configs/pressure_v2/formal/tight/O01_s0.yaml,completed,20260915T102400Z_pressure_v2_7538cb2d,132.32083788899763,0cfda49333896436dc2581457f95b122fb5f3b73e5e8d60fc5b0207c9dcb5efd
tight,configs/pressure_v2/formal/tight/O11_s0.yaml,cuda_oom,20260915T102612Z_pressure_v2_6d7c22b1,307.74543033100053,a0574204e2670f07ee250260640ed5dbb212b13116587a4858bd2df31313cbcc
tight,configs/pressure_v2/formal/tight/R11_s0.yaml,completed,20260915T103120Z_pressure_v2_0f9a0b2e,129.73782353899878,b860985f3b87a4bc1acd7144e3b53585d1ccdcb56ec2d154d172c48b71a0fd60
tight,configs/pressure_v2/formal/tight/S_star_s1.yaml,completed,20260915T103330Z_pressure_v2_969a455e,131.42867088899948,9df77859ae7943a8b6c0a0e744a624bc66abf19ed6df733d87b6a43bdcb0cbb6
tight,configs/pressure_v2/formal/tight/O00_s1.yaml,completed,20260915T103541Z_pressure_v2_6a809b7f,131.42186982400017,3d7a26666c05d14202642a45144650333457692838c1906f2f296b645a4729e6
tight,configs/pressure_v2/formal/tight/O10_s1.yaml,cuda_oom,20260915T103753Z_pressure_v2_98c83575,310.35487411099894,f929dd83603edc2b68378564bdabb668d469a5b80bae8b8a67ff27b4fb9a96a4
tight,configs/pressure_v2/formal/tight/O01_s1.yaml,completed,20260915T104303Z_pressure_v2_bae3798f,132.73494331099937,0904ce0c4345fd1233b26a84444f52b5727d6104545823af0e77a38925d3e9af
tight,configs/pressure_v2/formal/tight/O11_s1.yaml,cuda_oom,20260915T104516Z_pressure_v2_c81b13b0,286.2725774509963,06766d079ece845fe8413c483e041df1e1561d9dff6e004532bab1b55b3cc420
tight,configs/pressure_v2/formal/tight/R11_s1.yaml,completed,20260915T105002Z_pressure_v2_d35460b2,131.02735968499474,7646e98c395fd7e76a8108b2e21e712b1ceaafa112c82922375eded9861b7293
tight,configs/pressure_v2/formal/tight/S0_s1.yaml,completed,20260915T105213Z_pressure_v2_f94f3dc1,131.3853978219995,4f4313c752a4ceee05fad0477cb536b18a88e8b66716fb0430d9106e3c3d3d28
tight,configs/pressure_v2/formal/tight/O00_s2.yaml,completed,20260915T105424Z_pressure_v2_447f6329,133.58103308099817,ebe9dedccb7e4ef0a7938455bf9e77ff9b5308fbaf4fe564e8fb9d09c70939ed
tight,configs/pressure_v2/formal/tight/O10_s2.yaml,cuda_oom,20260915T105638Z_pressure_v2_fb3f4de9,312.67370731400297,9d52cf9d20b4829e2d79e370783dd894839f13c7ecdb66408a6ccc1c23ee3a5c
tight,configs/pressure_v2/formal/tight/O01_s2.yaml,completed,20260915T110151Z_pressure_v2_b6643501,132.54663361499843,b3c69fd956250f060d7348c124205499c56aefd782964ad6ac654c907ba9af7f
tight,configs/pressure_v2/formal/tight/O11_s2.yaml,cuda_oom,20260915T110403Z_pressure_v2_17a96330,271.5286729040017,1cc266585f9915bb6dc8dcdf5772d5d9a7b08afbe5cb9c6eea02217a7136bbd0
tight,configs/pressure_v2/formal/tight/R11_s2.yaml,completed,20260915T110835Z_pressure_v2_4d7d3006,132.48409874500067,2ba6299b9c624285a7f70b011ecaa2c3693c9b0afb89945592652974c4b1432d
tight,configs/pressure_v2/formal/tight/S0_s2.yaml,completed,20260915T111047Z_pressure_v2_7df80d87,127.74981174599816,6e391009e5d25535e547396b29c80aa53367a08ef9986cee4530231473757dec
tight,configs/pressure_v2/formal/tight/S_star_s2.yaml,completed,20260915T111255Z_pressure_v2_8194c8fd,129.87211794299947,92ee3e52ef29be294d005fbf7214f1f1a7937ae5d64fa949d58c96f9986b1e7f
loose,configs/pressure_v2/formal/loose/S0_s0.yaml,completed,20260915T111505Z_pressure_v2_0de6277e,129.52484576600546,d80b47d64b5ceac0b4d3d5250713d0cd5ff0569f58cb442d7b6df1f4db478e22
loose,configs/pressure_v2/formal/loose/S_star_s0.yaml,completed,20260915T111714Z_pressure_v2_aa882ba1,129.68711132700264,1bca98af78f074b4e2b89134b1c2881a294db747b3311959a7445bcfa5c625e3
loose,configs/pressure_v2/formal/loose/O11_s0.yaml,completed,20260915T111924Z_pressure_v2_0d45361c,499.77392215599684,225c15428ab3b997fd1cf50c197fb718b7d5a5912ad6094f1f430f197b22be58
loose,configs/pressure_v2/formal/loose/S_star_s1.yaml,completed,20260915T112744Z_pressure_v2_891d28c0,130.90221434400155,85b1d40542fc5e06b4d7e3b6b608c0b8aa7550e2c4a4006c3d2dbb0c51957889
loose,configs/pressure_v2/formal/loose/O11_s1.yaml,completed,20260915T112955Z_pressure_v2_2629ff4a,474.9009232049939,54a043c01b508ef9fb1e67958025e97e17ab441985454178422ada2e39a4fec9
loose,configs/pressure_v2/formal/loose/S0_s1.yaml,completed,20260915T113750Z_pressure_v2_f5bd4466,132.32106363900675,9624b8779141d8fb1843f0d64481362ed88b0a2c9dc356a31ea702737587cc71
loose,configs/pressure_v2/formal/loose/O11_s2.yaml,completed,20260915T114002Z_pressure_v2_41a28256,519.6792730930028,711e7da240aadb4229acac164ab487c721efb99e6c4b7fe53b1c4c97ecba29f9
loose,configs/pressure_v2/formal/loose/S0_s2.yaml,completed,20260915T114842Z_pressure_v2_79a96542,130.0207391160002,6c377eb575b3ec3c3de3bf4b49778db422153db537737dd2df703408e3f93bc8
loose,configs/pressure_v2/formal/loose/S_star_s2.yaml,completed,20260915T115052Z_pressure_v2_0c643e46,130.14175175700075,7ac79ac2184def491ec8693b79f4275323640edd69c2806695a3a460cf001c69
dyn,configs/pressure_v2/formal/dyn/S0_s0.yaml,completed,20260915T115302Z_pressure_v2_1d0f5fd5,130.6867322379985,2497160141f652953e784decceae880df30fe506d508058b48b141360f377a43
dyn,configs/pressure_v2/formal/dyn/S_star_dynamic_s0.yaml,completed,20260915T115513Z_pressure_v2_94bb2db6,130.6574313960009,d8ed1f5cf95e535e8651dbbb0ec3d3fb420f95a7fc33feee3b62b90c470d0a45
dyn,configs/pressure_v2/formal/dyn/O11_s0.yaml,cuda_oom,20260915T115723Z_pressure_v2_bb173e36,76.51076022699999,e4a6c9a8f3bcc1a10b12460c6ead11be1171bb88ddb24d9041a663e4c6fc90fb
dyn,configs/pressure_v2/formal/dyn/S_star_dynamic_s1.yaml,completed,20260915T115840Z_pressure_v2_b77d5095,130.87058875199727,649a347ae8a3b811602fe6e65669a38cfb89daed9cfa3c547d4b589ae0d1187d
dyn,configs/pressure_v2/formal/dyn/O11_s1.yaml,cuda_oom,20260915T120051Z_pressure_v2_1a24e1f3,73.2746837099985,6682e6957e702e81f3f23ce2691fdacd5208c09caebc8f3e1fff68b13b9b8176
dyn,configs/pressure_v2/formal/dyn/S0_s1.yaml,completed,20260915T120204Z_pressure_v2_b7a560fa,185.41322570299963,ec1a2a3f9c8c46a7d566db897df0ead0aaac15c18a8b2799825de384ec2469c2
dyn,configs/pressure_v2/formal/dyn/O11_s2.yaml,cuda_oom,20260915T120509Z_pressure_v2_998ba11f,88.83873274199868,c3d414af891e59737e3e56eb00b58ed2a65d8fe25257b24972bf860d2c5ab788
dyn,configs/pressure_v2/formal/dyn/S0_s2.yaml,completed,20260915T120638Z_pressure_v2_7e329916,141.86240007699962,ea92736b63146e23f5f73b3b80fdc6d6efb8df4a7a8de92a2bee7d0325ae6f04
dyn,configs/pressure_v2/formal/dyn/S_star_dynamic_s2.yaml,completed,20260915T120900Z_pressure_v2_21ed7c66,125.76301018399681,bab0a0703aa69cb9d32b6ceb960a7c7a2ef04e2886150176e329f3ffc84f4101
decay,configs/pressure_v2/formal/decay/O11_half_life_s0.yaml,cuda_oom,20260915T121106Z_pressure_v2_a4fa49d8,71.87204139400274,03685954797e7d9f06338192adca65c13187a28801c7d4e7a041d19353147cb0
decay,configs/pressure_v2/formal/decay/O11_half_life_s1.yaml,cuda_oom,20260915T121218Z_pressure_v2_87a03976,69.42124186999717,be06c573b3147750e8e13521354bca4d72f00401bd0d27a40278a33aeada7ad3
decay,configs/pressure_v2/formal/decay/O11_half_life_s2.yaml,cuda_oom,20260915T121327Z_pressure_v2_ff1f59ab,67.34829379300209,3aec868c41a594787816e7ee82802fc291122aa913e5e1bf8b74860dc5e4e35c
pref,configs/pressure_v2/formal/pref/O11_latency_s0.yaml,cuda_oom,20260915T121435Z_pressure_v2_e6dfec3a,376.5858579929991,04ea8dac22eb796e47204255a2c9f246ab3c066c07ceb9eb11780cc6db6aa156
pref,configs/pressure_v2/formal/pref/O11_ps_s0.yaml,cuda_oom,20260915T122051Z_pressure_v2_ed3b986a,261.6943392040048,ea42d4ff82257afb8f3294eeba75576e7d23c740d903487dd84e66082ca098c3
pref,configs/pressure_v2/formal/pref/O11_ps_s1.yaml,interrupted,20260915T122513Z_pressure_v2_016f9552,226.19398858299974,62a6bf91239c88e21918d49dfd24680920b0b21d8bc44730e2aa481befc7f90e
