cell_id,group,dataset,method,seed,variant,status,run_id,n_attempts,attempt_run_ids
A/core50_nc/tight/S0/0/default,A,core50_nc,S0,0,default,completed,effectiveness_v3_20260918T124042Z_48203b04,1,effectiveness_v3_20260918T124042Z_48203b04
A/core50_nc/tight/S_star/0/default,A,core50_nc,S_star,0,default,completed,effectiveness_v3_20260918T124542Z_e661f745,1,effectiveness_v3_20260918T124542Z_e661f745
A/core50_nc/tight/O00/0/default,A,core50_nc,O00,0,default,cuda_oom,effectiveness_v3_20260918T125033Z_0169998d,1,effectiveness_v3_20260918T125033Z_0169998d
A/core50_nc/tight/O10/0/default,A,core50_nc,O10,0,default,cuda_oom,effectiveness_v3_20260918T125201Z_602c23ec,1,effectiveness_v3_20260918T125201Z_602c23ec
A/core50_nc/tight/O01/0/default,A,core50_nc,O01,0,default,cuda_oom,effectiveness_v3_20260918T125327Z_307ffa7d,1,effectiveness_v3_20260918T125327Z_307ffa7d
A/core50_nc/tight/O11/0/default,A,core50_nc,O11,0,default,cuda_oom,effectiveness_v3_20260918T125453Z_e468c444,1,effectiveness_v3_20260918T125453Z_e468c444
A/core50_nc/tight/R11/0/default,A,core50_nc,R11,0,default,completed,effectiveness_v3_20260918T125622Z_5cc2c4e7,1,effectiveness_v3_20260918T125622Z_5cc2c4e7
A/core50_nc/tight/F11/0/default,A,core50_nc,F11,0,default,cuda_oom,effectiveness_v3_20260918T130106Z_37d309d9,1,effectiveness_v3_20260918T130106Z_37d309d9
A/core50_nc/tight/S_star/1/default,A,core50_nc,S_star,1,default,completed,effectiveness_v3_20260918T130221Z_60c895a2,1,effectiveness_v3_20260918T130221Z_60c895a2
A/core50_nc/tight/O00/1/default,A,core50_nc,O00,1,default,cuda_oom,effectiveness_v3_20260918T130717Z_c1ab5a21,1,effectiveness_v3_20260918T130717Z_c1ab5a21
A/core50_nc/tight/O10/1/default,A,core50_nc,O10,1,default,cuda_oom,effectiveness_v3_20260918T130845Z_09b114c7,1,effectiveness_v3_20260918T130845Z_09b114c7
A/core50_nc/tight/O01/1/default,A,core50_nc,O01,1,default,cuda_oom,effectiveness_v3_20260918T131014Z_b09fde4a,1,effectiveness_v3_20260918T131014Z_b09fde4a
A/core50_nc/tight/O11/1/default,A,core50_nc,O11,1,default,cuda_oom,effectiveness_v3_20260918T131141Z_97cbc12a,1,effectiveness_v3_20260918T131141Z_97cbc12a
A/core50_nc/tight/R11/1/default,A,core50_nc,R11,1,default,completed,effectiveness_v3_20260918T131308Z_e7f97314,1,effectiveness_v3_20260918T131308Z_e7f97314
A/core50_nc/tight/F11/1/default,A,core50_nc,F11,1,default,cuda_oom,effectiveness_v3_20260918T131757Z_e471a404,1,effectiveness_v3_20260918T131757Z_e471a404
A/core50_nc/tight/S0/1/default,A,core50_nc,S0,1,default,completed,effectiveness_v3_20260918T131917Z_45192821,1,effectiveness_v3_20260918T131917Z_45192821
A/core50_nc/tight/O00/2/default,A,core50_nc,O00,2,default,cuda_oom,effectiveness_v3_20260918T132403Z_30b2b6d9,1,effectiveness_v3_20260918T132403Z_30b2b6d9
A/core50_nc/tight/O10/2/default,A,core50_nc,O10,2,default,cuda_oom,effectiveness_v3_20260918T132532Z_ffb79b97,1,effectiveness_v3_20260918T132532Z_ffb79b97
A/core50_nc/tight/O01/2/default,A,core50_nc,O01,2,default,cuda_oom,effectiveness_v3_20260918T132658Z_2cba89e4,1,effectiveness_v3_20260918T132658Z_2cba89e4
A/core50_nc/tight/O11/2/default,A,core50_nc,O11,2,default,cuda_oom,effectiveness_v3_20260918T132826Z_dafb140a,1,effectiveness_v3_20260918T132826Z_dafb140a
A/core50_nc/tight/R11/2/default,A,core50_nc,R11,2,default,completed,effectiveness_v3_20260918T132954Z_7351c595,1,effectiveness_v3_20260918T132954Z_7351c595
A/core50_nc/tight/F11/2/default,A,core50_nc,F11,2,default,cuda_oom,effectiveness_v3_20260918T133452Z_f09920d9,1,effectiveness_v3_20260918T133452Z_f09920d9
A/core50_nc/tight/S0/2/default,A,core50_nc,S0,2,default,completed,effectiveness_v3_20260918T133610Z_461128c7,1,effectiveness_v3_20260918T133610Z_461128c7
A/core50_nc/tight/S_star/2/default,A,core50_nc,S_star,2,default,completed,effectiveness_v3_20260918T134105Z_8816285b,1,effectiveness_v3_20260918T134105Z_8816285b
A/splitcifar100/tight/S0/0/default,A,splitcifar100,S0,0,default,completed,effectiveness_v3_20260918T134607Z_d44ef855,1,effectiveness_v3_20260918T134607Z_d44ef855
A/splitcifar100/tight/S_star/0/default,A,splitcifar100,S_star,0,default,completed,effectiveness_v3_20260918T134746Z_6c651fb4,1,effectiveness_v3_20260918T134746Z_6c651fb4
A/splitcifar100/tight/O00/0/default,A,splitcifar100,O00,0,default,completed,effectiveness_v3_20260918T134924Z_a57461cc,1,effectiveness_v3_20260918T134924Z_a57461cc
A/splitcifar100/tight/O10/0/default,A,splitcifar100,O10,0,default,cuda_oom,effectiveness_v3_20260918T135107Z_986b52f6,1,effectiveness_v3_20260918T135107Z_986b52f6
A/splitcifar100/tight/O01/0/default,A,splitcifar100,O01,0,default,completed,effectiveness_v3_20260918T135137Z_c1fc1ed7,1,effectiveness_v3_20260918T135137Z_c1fc1ed7
A/splitcifar100/tight/O11/0/default,A,splitcifar100,O11,0,default,cuda_oom,effectiveness_v3_20260918T135320Z_a44d2b26,1,effectiveness_v3_20260918T135320Z_a44d2b26
A/splitcifar100/tight/R11/0/default,A,splitcifar100,R11,0,default,completed,effectiveness_v3_20260918T135350Z_94fffae9,1,effectiveness_v3_20260918T135350Z_94fffae9
A/splitcifar100/tight/F11/0/default,A,splitcifar100,F11,0,default,cuda_oom,effectiveness_v3_20260918T135529Z_f109dbc3,1,effectiveness_v3_20260918T135529Z_f109dbc3
A/splitcifar100/tight/S_star/1/default,A,splitcifar100,S_star,1,default,completed,effectiveness_v3_20260918T135551Z_aa5dd7bf,1,effectiveness_v3_20260918T135551Z_aa5dd7bf
A/splitcifar100/tight/O00/1/default,A,splitcifar100,O00,1,default,completed,effectiveness_v3_20260918T135730Z_5faec831,1,effectiveness_v3_20260918T135730Z_5faec831
A/splitcifar100/tight/O10/1/default,A,splitcifar100,O10,1,default,cuda_oom,effectiveness_v3_20260918T135911Z_c0a10258,1,effectiveness_v3_20260918T135911Z_c0a10258
A/splitcifar100/tight/O01/1/default,A,splitcifar100,O01,1,default,completed,effectiveness_v3_20260918T135941Z_a26de010,1,effectiveness_v3_20260918T135941Z_a26de010
A/splitcifar100/tight/O11/1/default,A,splitcifar100,O11,1,default,cuda_oom,effectiveness_v3_20260918T140124Z_09059880,1,effectiveness_v3_20260918T140124Z_09059880
A/splitcifar100/tight/R11/1/default,A,splitcifar100,R11,1,default,completed,effectiveness_v3_20260918T140154Z_8551117e,1,effectiveness_v3_20260918T140154Z_8551117e
A/splitcifar100/tight/F11/1/default,A,splitcifar100,F11,1,default,cuda_oom,effectiveness_v3_20260918T140331Z_47023b0d,1,effectiveness_v3_20260918T140331Z_47023b0d
A/splitcifar100/tight/S0/1/default,A,splitcifar100,S0,1,default,completed,effectiveness_v3_20260918T140353Z_21d26ae7,1,effectiveness_v3_20260918T140353Z_21d26ae7
A/splitcifar100/tight/O00/2/default,A,splitcifar100,O00,2,default,completed,effectiveness_v3_20260918T140531Z_c2ff5b17,1,effectiveness_v3_20260918T140531Z_c2ff5b17
A/splitcifar100/tight/O10/2/default,A,splitcifar100,O10,2,default,cuda_oom,effectiveness_v3_20260918T140711Z_a8920eca,1,effectiveness_v3_20260918T140711Z_a8920eca
A/splitcifar100/tight/O01/2/default,A,splitcifar100,O01,2,default,completed,effectiveness_v3_20260918T140741Z_abeddeaf,1,effectiveness_v3_20260918T140741Z_abeddeaf
A/splitcifar100/tight/O11/2/default,A,splitcifar100,O11,2,default,cuda_oom,effectiveness_v3_20260918T140924Z_0b422fc2,1,effectiveness_v3_20260918T140924Z_0b422fc2
A/splitcifar100/tight/R11/2/default,A,splitcifar100,R11,2,default,completed,effectiveness_v3_20260918T140955Z_ccb483a4,1,effectiveness_v3_20260918T140955Z_ccb483a4
A/splitcifar100/tight/F11/2/default,A,splitcifar100,F11,2,default,cuda_oom,effectiveness_v3_20260918T141131Z_aba3f441,1,effectiveness_v3_20260918T141131Z_aba3f441
A/splitcifar100/tight/S0/2/default,A,splitcifar100,S0,2,default,completed,effectiveness_v3_20260918T141153Z_eb488ab7,1,effectiveness_v3_20260918T141153Z_eb488ab7
A/splitcifar100/tight/S_star/2/default,A,splitcifar100,S_star,2,default,completed,effectiveness_v3_20260918T141330Z_a81aaf78,1,effectiveness_v3_20260918T141330Z_a81aaf78
B/core50_nc/loose/S0/0/default,B,core50_nc,S0,0,default,completed,effectiveness_v3_20260918T141508Z_c5bb9561,1,effectiveness_v3_20260918T141508Z_c5bb9561
B/core50_nc/loose/S_star/0/default,B,core50_nc,S_star,0,default,completed,effectiveness_v3_20260918T141959Z_1d7322eb,1,effectiveness_v3_20260918T141959Z_1d7322eb
B/core50_nc/loose/O11/0/default,B,core50_nc,O11,0,default,completed,effectiveness_v3_20260918T142454Z_e358987c,1,effectiveness_v3_20260918T142454Z_e358987c
B/core50_nc/loose/R11/0/default,B,core50_nc,R11,0,default,completed,effectiveness_v3_20260918T144127Z_d92f4f45,1,effectiveness_v3_20260918T144127Z_d92f4f45
B/core50_nc/loose/F11/0/default,B,core50_nc,F11,0,default,completed,effectiveness_v3_20260918T144620Z_be1c54a2,1,effectiveness_v3_20260918T144620Z_be1c54a2
B/core50_nc/loose/S_star/1/default,B,core50_nc,S_star,1,default,completed,effectiveness_v3_20260918T150530Z_e016f976,1,effectiveness_v3_20260918T150530Z_e016f976
B/core50_nc/loose/O11/1/default,B,core50_nc,O11,1,default,completed,effectiveness_v3_20260918T151027Z_6f26f3e9,1,effectiveness_v3_20260918T151027Z_6f26f3e9
B/core50_nc/loose/R11/1/default,B,core50_nc,R11,1,default,completed,effectiveness_v3_20260918T152559Z_d84362b8,1,effectiveness_v3_20260918T152559Z_d84362b8
B/core50_nc/loose/F11/1/default,B,core50_nc,F11,1,default,completed,effectiveness_v3_20260918T153047Z_64a88b5a,1,effectiveness_v3_20260918T153047Z_64a88b5a
B/core50_nc/loose/S0/1/default,B,core50_nc,S0,1,default,completed,effectiveness_v3_20260918T155041Z_f5333308,1,effectiveness_v3_20260918T155041Z_f5333308
B/core50_nc/loose/O11/2/default,B,core50_nc,O11,2,default,completed,effectiveness_v3_20260918T155534Z_4df370ae,1,effectiveness_v3_20260918T155534Z_4df370ae
B/core50_nc/loose/R11/2/default,B,core50_nc,R11,2,default,completed,effectiveness_v3_20260918T161132Z_0b332220,1,effectiveness_v3_20260918T161132Z_0b332220
B/core50_nc/loose/F11/2/default,B,core50_nc,F11,2,default,completed,effectiveness_v3_20260918T161611Z_22479fed,1,effectiveness_v3_20260918T161611Z_22479fed
B/core50_nc/loose/S0/2/default,B,core50_nc,S0,2,default,completed,effectiveness_v3_20260918T163536Z_1458e8d5,1,effectiveness_v3_20260918T163536Z_1458e8d5
B/core50_nc/loose/S_star/2/default,B,core50_nc,S_star,2,default,completed,effectiveness_v3_20260918T164020Z_d3a2f0de,1,effectiveness_v3_20260918T164020Z_d3a2f0de
B/splitcifar100/loose/S0/0/default,B,splitcifar100,S0,0,default,completed,effectiveness_v3_20260918T164505Z_c55b5565,1,effectiveness_v3_20260918T164505Z_c55b5565
B/splitcifar100/loose/S_star/0/default,B,splitcifar100,S_star,0,default,completed,effectiveness_v3_20260918T164641Z_656a2787,1,effectiveness_v3_20260918T164641Z_656a2787
B/splitcifar100/loose/O11/0/default,B,splitcifar100,O11,0,default,completed,effectiveness_v3_20260918T164819Z_1eaa0e7b,1,effectiveness_v3_20260918T164819Z_1eaa0e7b
B/splitcifar100/loose/R11/0/default,B,splitcifar100,R11,0,default,completed,effectiveness_v3_20260918T165443Z_1c14c05b,1,effectiveness_v3_20260918T165443Z_1c14c05b
B/splitcifar100/loose/F11/0/default,B,splitcifar100,F11,0,default,completed,effectiveness_v3_20260918T165619Z_636a0335,1,effectiveness_v3_20260918T165619Z_636a0335
B/splitcifar100/loose/S_star/1/default,B,splitcifar100,S_star,1,default,completed,effectiveness_v3_20260918T170342Z_a5939b94,1,effectiveness_v3_20260918T170342Z_a5939b94
B/splitcifar100/loose/O11/1/default,B,splitcifar100,O11,1,default,completed,effectiveness_v3_20260918T170519Z_efdcf21c,1,effectiveness_v3_20260918T170519Z_efdcf21c
B/splitcifar100/loose/R11/1/default,B,splitcifar100,R11,1,default,completed,effectiveness_v3_20260918T171142Z_552f5e4f,1,effectiveness_v3_20260918T171142Z_552f5e4f
B/splitcifar100/loose/F11/1/default,B,splitcifar100,F11,1,default,completed,effectiveness_v3_20260918T171321Z_0b9d1439,1,effectiveness_v3_20260918T171321Z_0b9d1439
B/splitcifar100/loose/S0/1/default,B,splitcifar100,S0,1,default,completed,effectiveness_v3_20260918T172038Z_15039b60,1,effectiveness_v3_20260918T172038Z_15039b60
B/splitcifar100/loose/O11/2/default,B,splitcifar100,O11,2,default,completed,effectiveness_v3_20260918T172216Z_c03835a6,1,effectiveness_v3_20260918T172216Z_c03835a6
B/splitcifar100/loose/R11/2/default,B,splitcifar100,R11,2,default,completed,effectiveness_v3_20260918T172828Z_112e26f9,1,effectiveness_v3_20260918T172828Z_112e26f9
B/splitcifar100/loose/F11/2/default,B,splitcifar100,F11,2,default,completed,effectiveness_v3_20260918T173006Z_a240ced0,1,effectiveness_v3_20260918T173006Z_a240ced0
B/splitcifar100/loose/S0/2/default,B,splitcifar100,S0,2,default,completed,effectiveness_v3_20260918T173720Z_d27c9c53,1,effectiveness_v3_20260918T173720Z_d27c9c53
B/splitcifar100/loose/S_star/2/default,B,splitcifar100,S_star,2,default,completed,effectiveness_v3_20260918T173859Z_b898a972,1,effectiveness_v3_20260918T173859Z_b898a972
D/core50_nc/tight/O11/0/latency,D,core50_nc,O11,0,latency,cuda_oom,effectiveness_v3_20260918T174034Z_368f9cd7,1,effectiveness_v3_20260918T174034Z_368f9cd7
D/core50_nc/tight/O11/1/latency,D,core50_nc,O11,1,latency,cuda_oom,effectiveness_v3_20260918T174203Z_034c0a94,1,effectiveness_v3_20260918T174203Z_034c0a94
D/core50_nc/tight/O11/2/latency,D,core50_nc,O11,2,latency,cuda_oom,effectiveness_v3_20260918T174329Z_f90e0766,1,effectiveness_v3_20260918T174329Z_f90e0766
D/core50_nc/tight/O11/0/plasticity_stability,D,core50_nc,O11,0,plasticity_stability,cuda_oom,effectiveness_v3_20260918T174454Z_1ef05ebd,1,effectiveness_v3_20260918T174454Z_1ef05ebd
D/core50_nc/tight/O11/1/plasticity_stability,D,core50_nc,O11,1,plasticity_stability,cuda_oom,effectiveness_v3_20260918T174622Z_9a630c92,1,effectiveness_v3_20260918T174622Z_9a630c92
D/core50_nc/tight/O11/2/plasticity_stability,D,core50_nc,O11,2,plasticity_stability,cuda_oom,effectiveness_v3_20260918T174753Z_645fa73d,1,effectiveness_v3_20260918T174753Z_645fa73d
D/core50_nc/tight/O11/0/memory,D,core50_nc,O11,0,memory,cuda_oom,effectiveness_v3_20260918T174918Z_0de3e1e6,1,effectiveness_v3_20260918T174918Z_0de3e1e6
D/core50_nc/tight/O11/1/memory,D,core50_nc,O11,1,memory,cuda_oom,effectiveness_v3_20260918T175044Z_0788d99f,1,effectiveness_v3_20260918T175044Z_0788d99f
D/core50_nc/tight/O11/2/memory,D,core50_nc,O11,2,memory,cuda_oom,effectiveness_v3_20260918T175213Z_3943b81b,1,effectiveness_v3_20260918T175213Z_3943b81b
E/core50_nc/io/static_off/0/default,E,core50_nc,static_off,0,default,completed,effectiveness_v3_20260918T175340Z_168b5058,1,effectiveness_v3_20260918T175340Z_168b5058
E/core50_nc/io/static_on/0/default,E,core50_nc,static_on,0,default,completed,effectiveness_v3_20260918T175908Z_5a9860d1,1,effectiveness_v3_20260918T175908Z_5a9860d1
E/core50_nc/io/orion_off/0/default,E,core50_nc,orion_off,0,default,completed,effectiveness_v3_20260918T180420Z_b082c5fa,1,effectiveness_v3_20260918T180420Z_b082c5fa
E/core50_nc/io/orion_on/0/default,E,core50_nc,orion_on,0,default,completed,effectiveness_v3_20260918T182042Z_f77f5488,1,effectiveness_v3_20260918T182042Z_f77f5488
E/core50_nc/io/static_on/1/default,E,core50_nc,static_on,1,default,completed,effectiveness_v3_20260918T183629Z_4b1778de,1,effectiveness_v3_20260918T183629Z_4b1778de
E/core50_nc/io/orion_off/1/default,E,core50_nc,orion_off,1,default,completed,effectiveness_v3_20260918T184139Z_7fd5ed3e,1,effectiveness_v3_20260918T184139Z_7fd5ed3e
E/core50_nc/io/orion_on/1/default,E,core50_nc,orion_on,1,default,completed,effectiveness_v3_20260918T185806Z_ae220d7f,1,effectiveness_v3_20260918T185806Z_ae220d7f
E/core50_nc/io/static_off/1/default,E,core50_nc,static_off,1,default,completed,effectiveness_v3_20260918T191333Z_a15e235f,1,effectiveness_v3_20260918T191333Z_a15e235f
E/core50_nc/io/orion_off/2/default,E,core50_nc,orion_off,2,default,completed,effectiveness_v3_20260918T191852Z_4739dab6,1,effectiveness_v3_20260918T191852Z_4739dab6
E/core50_nc/io/orion_on/2/default,E,core50_nc,orion_on,2,default,completed,effectiveness_v3_20260918T193516Z_4583bff6,1,effectiveness_v3_20260918T193516Z_4583bff6
E/core50_nc/io/static_off/2/default,E,core50_nc,static_off,2,default,completed,effectiveness_v3_20260918T195035Z_c7ac5492,1,effectiveness_v3_20260918T195035Z_c7ac5492
E/core50_nc/io/static_on/2/default,E,core50_nc,static_on,2,default,completed,effectiveness_v3_20260918T195602Z_f026e1f7,1,effectiveness_v3_20260918T195602Z_f026e1f7
F/core50_nc/loose/agem_static/0/default,F,core50_nc,agem_static,0,default,completed,effectiveness_v3_20260918T200116Z_50105d6d,1,effectiveness_v3_20260918T200116Z_50105d6d
F/core50_nc/loose/agem_adaptive_ewc/0/default,F,core50_nc,agem_adaptive_ewc,0,default,completed,effectiveness_v3_20260918T200827Z_d913a753,1,effectiveness_v3_20260918T200827Z_d913a753
F/core50_nc/loose/agem_adaptive_ewc/1/default,F,core50_nc,agem_adaptive_ewc,1,default,completed,effectiveness_v3_20260918T202219Z_9d416150,1,effectiveness_v3_20260918T202219Z_9d416150
F/core50_nc/loose/agem_static/1/default,F,core50_nc,agem_static,1,default,completed,effectiveness_v3_20260918T203615Z_3b1672b7,1,effectiveness_v3_20260918T203615Z_3b1672b7
F/core50_nc/loose/agem_static/2/default,F,core50_nc,agem_static,2,default,completed,effectiveness_v3_20260918T204329Z_8162adb1,1,effectiveness_v3_20260918T204329Z_8162adb1
F/core50_nc/loose/agem_adaptive_ewc/2/default,F,core50_nc,agem_adaptive_ewc,2,default,completed,effectiveness_v3_20260918T205037Z_c7fe7b8c,1,effectiveness_v3_20260918T205037Z_c7fe7b8c
G/core50_nc/tight/O11/0/thr_half,G,core50_nc,O11,0,thr_half,cuda_oom,effectiveness_v3_20260918T210433Z_552578ab,1,effectiveness_v3_20260918T210433Z_552578ab
G/core50_nc/tight/O11/1/thr_half,G,core50_nc,O11,1,thr_half,cuda_oom,effectiveness_v3_20260918T210602Z_fc717bb2,1,effectiveness_v3_20260918T210602Z_fc717bb2
G/core50_nc/tight/O11/2/thr_half,G,core50_nc,O11,2,thr_half,cuda_oom,effectiveness_v3_20260918T210731Z_d856d9be,1,effectiveness_v3_20260918T210731Z_d856d9be
G/core50_nc/tight/O11/0/thr_double,G,core50_nc,O11,0,thr_double,cuda_oom,effectiveness_v3_20260918T210859Z_0e7b29e8,1,effectiveness_v3_20260918T210859Z_0e7b29e8
G/core50_nc/tight/O11/1/thr_double,G,core50_nc,O11,1,thr_double,cuda_oom,effectiveness_v3_20260918T211026Z_3c3348ef,1,effectiveness_v3_20260918T211026Z_3c3348ef
G/core50_nc/tight/O11/2/thr_double,G,core50_nc,O11,2,thr_double,cuda_oom,effectiveness_v3_20260918T211153Z_27de471a,1,effectiveness_v3_20260918T211153Z_27de471a
G/core50_nc/tight/O11/0/alpha_double,G,core50_nc,O11,0,alpha_double,cuda_oom,effectiveness_v3_20260918T211318Z_814274ae,1,effectiveness_v3_20260918T211318Z_814274ae
G/core50_nc/tight/O11/1/alpha_double,G,core50_nc,O11,1,alpha_double,cuda_oom,effectiveness_v3_20260918T211445Z_7b05951c,1,effectiveness_v3_20260918T211445Z_7b05951c
G/core50_nc/tight/O11/2/alpha_double,G,core50_nc,O11,2,alpha_double,cuda_oom,effectiveness_v3_20260918T211615Z_0b43da14,1,effectiveness_v3_20260918T211615Z_0b43da14
G/core50_nc/tight/O11/0/beta_double,G,core50_nc,O11,0,beta_double,cuda_oom,effectiveness_v3_20260918T211744Z_a3a01ee6,1,effectiveness_v3_20260918T211744Z_a3a01ee6
G/core50_nc/tight/O11/1/beta_double,G,core50_nc,O11,1,beta_double,cuda_oom,effectiveness_v3_20260918T211912Z_c7d51640,1,effectiveness_v3_20260918T211912Z_c7d51640
G/core50_nc/tight/O11/2/beta_double,G,core50_nc,O11,2,beta_double,cuda_oom,effectiveness_v3_20260918T212037Z_f3306b0e,1,effectiveness_v3_20260918T212037Z_f3306b0e
G/core50_nc/tight/O11/0/lr_half,G,core50_nc,O11,0,lr_half,cuda_oom,effectiveness_v3_20260918T212204Z_4a444ddd,1,effectiveness_v3_20260918T212204Z_4a444ddd
G/core50_nc/tight/O11/1/lr_half,G,core50_nc,O11,1,lr_half,cuda_oom,effectiveness_v3_20260918T212332Z_e2c21f24,1,effectiveness_v3_20260918T212332Z_e2c21f24
G/core50_nc/tight/O11/2/lr_half,G,core50_nc,O11,2,lr_half,cuda_oom,effectiveness_v3_20260918T212457Z_5925df96,1,effectiveness_v3_20260918T212457Z_5925df96
G/core50_nc/tight/O11/0/initial_batch32,G,core50_nc,O11,0,initial_batch32,cuda_oom,effectiveness_v3_20260918T212625Z_b9468714,1,effectiveness_v3_20260918T212625Z_b9468714
G/core50_nc/tight/O11/1/initial_batch32,G,core50_nc,O11,1,initial_batch32,cuda_oom,effectiveness_v3_20260918T212658Z_b3ae2918,1,effectiveness_v3_20260918T212658Z_b3ae2918
G/core50_nc/tight/O11/2/initial_batch32,G,core50_nc,O11,2,initial_batch32,cuda_oom,effectiveness_v3_20260918T212731Z_9b5ab473,1,effectiveness_v3_20260918T212731Z_9b5ab473
G/core50_nc/tight/O11/0/initial_replay1000,G,core50_nc,O11,0,initial_replay1000,cuda_oom,effectiveness_v3_20260918T212803Z_193f70dc,1,effectiveness_v3_20260918T212803Z_193f70dc
G/core50_nc/tight/O11/1/initial_replay1000,G,core50_nc,O11,1,initial_replay1000,cuda_oom,effectiveness_v3_20260918T212932Z_761cbed7,1,effectiveness_v3_20260918T212932Z_761cbed7
G/core50_nc/tight/O11/2/initial_replay1000,G,core50_nc,O11,2,initial_replay1000,cuda_oom,effectiveness_v3_20260918T213102Z_e6e61120,1,effectiveness_v3_20260918T213102Z_e6e61120
G/core50_nc/tight/O11/0/quota_mid,G,core50_nc,O11,0,quota_mid,completed,effectiveness_v3_20260918T213230Z_86788851,1,effectiveness_v3_20260918T213230Z_86788851
G/core50_nc/tight/O11/1/quota_mid,G,core50_nc,O11,1,quota_mid,completed,effectiveness_v3_20260918T214903Z_6a27b720,1,effectiveness_v3_20260918T214903Z_6a27b720
G/core50_nc/tight/O11/2/quota_mid,G,core50_nc,O11,2,quota_mid,completed,effectiveness_v3_20260918T220535Z_5119b35b,1,effectiveness_v3_20260918T220535Z_5119b35b
C/core50_nc/dynamic/S0/0/default,C,core50_nc,S0,0,default,scenario_not_realized:dynamic_reservation,,0,
C/core50_nc/dynamic/S_star_dynamic/0/default,C,core50_nc,S_star_dynamic,0,default,scenario_not_realized:dynamic_reservation,,0,
C/core50_nc/dynamic/O11/0/default,C,core50_nc,O11,0,default,scenario_not_realized:dynamic_reservation,,0,
C/core50_nc/dynamic/R11/0/default,C,core50_nc,R11,0,default,scenario_not_realized:dynamic_reservation,,0,
C/core50_nc/dynamic/O11_half_life/0/default,C,core50_nc,O11_half_life,0,default,scenario_not_realized:dynamic_reservation,,0,
C/core50_nc/dynamic/S_star_dynamic/1/default,C,core50_nc,S_star_dynamic,1,default,scenario_not_realized:dynamic_reservation,,0,
C/core50_nc/dynamic/O11/1/default,C,core50_nc,O11,1,default,scenario_not_realized:dynamic_reservation,,0,
C/core50_nc/dynamic/R11/1/default,C,core50_nc,R11,1,default,scenario_not_realized:dynamic_reservation,,0,
C/core50_nc/dynamic/O11_half_life/1/default,C,core50_nc,O11_half_life,1,default,scenario_not_realized:dynamic_reservation,,0,
C/core50_nc/dynamic/S0/1/default,C,core50_nc,S0,1,default,scenario_not_realized:dynamic_reservation,,0,
C/core50_nc/dynamic/O11/2/default,C,core50_nc,O11,2,default,scenario_not_realized:dynamic_reservation,,0,
C/core50_nc/dynamic/R11/2/default,C,core50_nc,R11,2,default,scenario_not_realized:dynamic_reservation,,0,
C/core50_nc/dynamic/O11_half_life/2/default,C,core50_nc,O11_half_life,2,default,scenario_not_realized:dynamic_reservation,,0,
C/core50_nc/dynamic/S0/2/default,C,core50_nc,S0,2,default,scenario_not_realized:dynamic_reservation,,0,
C/core50_nc/dynamic/S_star_dynamic/2/default,C,core50_nc,S_star_dynamic,2,default,scenario_not_realized:dynamic_reservation,,0,
H/core50_nc/host/S0/0/default,H,core50_nc,S0,0,default,scenario_not_realized:host,,0,
H/core50_nc/host/S_star_host/0/default,H,core50_nc,S_star_host,0,default,scenario_not_realized:host,,0,
H/core50_nc/host/orion_host/0/default,H,core50_nc,orion_host,0,default,scenario_not_realized:host,,0,
H/core50_nc/host/S_star_host/1/default,H,core50_nc,S_star_host,1,default,scenario_not_realized:host,,0,
H/core50_nc/host/orion_host/1/default,H,core50_nc,orion_host,1,default,scenario_not_realized:host,,0,
H/core50_nc/host/S0/1/default,H,core50_nc,S0,1,default,scenario_not_realized:host,,0,
H/core50_nc/host/orion_host/2/default,H,core50_nc,orion_host,2,default,scenario_not_realized:host,,0,
H/core50_nc/host/S0/2/default,H,core50_nc,S0,2,default,scenario_not_realized:host,,0,
H/core50_nc/host/S_star_host/2/default,H,core50_nc,S_star_host,2,default,scenario_not_realized:host,,0,
