group,dataset,seed,quota_bytes,variant,left,right,left_run_id,right_run_id,left_status,right_status,pairing_ok,pairing_error,both_completed,d_P,d_S,d_online_s
A,core50_nc,0,167772160,default,O11,S0,effectiveness_v3_20260918T125453Z_e468c444,effectiveness_v3_20260918T124042Z_48203b04,cuda_oom,completed,True,,False,,,
A,core50_nc,1,167772160,default,O11,S0,effectiveness_v3_20260918T131141Z_97cbc12a,effectiveness_v3_20260918T131917Z_45192821,cuda_oom,completed,True,,False,,,
A,core50_nc,2,167772160,default,O11,S0,effectiveness_v3_20260918T132826Z_dafb140a,effectiveness_v3_20260918T133610Z_461128c7,cuda_oom,completed,True,,False,,,
A,splitcifar100,0,167772160,default,O11,S0,effectiveness_v3_20260918T135320Z_a44d2b26,effectiveness_v3_20260918T134607Z_d44ef855,cuda_oom,completed,True,,False,,,
A,splitcifar100,1,167772160,default,O11,S0,effectiveness_v3_20260918T140124Z_09059880,effectiveness_v3_20260918T140353Z_21d26ae7,cuda_oom,completed,True,,False,,,
A,splitcifar100,2,167772160,default,O11,S0,effectiveness_v3_20260918T140924Z_0b422fc2,effectiveness_v3_20260918T141153Z_eb488ab7,cuda_oom,completed,True,,False,,,
B,core50_nc,0,335544320,default,O11,S0,effectiveness_v3_20260918T142454Z_e358987c,effectiveness_v3_20260918T141508Z_c5bb9561,completed,completed,True,,True,-0.3559453763193132,0.2545502514767153,701.4237089339877
B,core50_nc,1,335544320,default,O11,S0,effectiveness_v3_20260918T151027Z_6f26f3e9,effectiveness_v3_20260918T155041Z_f5333308,completed,completed,True,,True,-0.32137333545897867,0.22944051813974498,638.4189931289875
B,core50_nc,2,335544320,default,O11,S0,effectiveness_v3_20260918T155534Z_4df370ae,effectiveness_v3_20260918T163536Z_1458e8d5,completed,completed,True,,True,-0.3402441813802062,0.21750991794625607,673.8163141859986
B,splitcifar100,0,335544320,default,O11,S0,effectiveness_v3_20260918T164819Z_1eaa0e7b,effectiveness_v3_20260918T164505Z_c55b5565,completed,completed,True,,True,-0.2786999999999999,0.25811111111111107,288.3046434770513
B,splitcifar100,1,335544320,default,O11,S0,effectiveness_v3_20260918T170519Z_efdcf21c,effectiveness_v3_20260918T172038Z_15039b60,completed,completed,True,,True,-0.29090000000000005,0.2674444444444444,284.60214383300627
B,splitcifar100,2,335544320,default,O11,S0,effectiveness_v3_20260918T172216Z_c03835a6,effectiveness_v3_20260918T173720Z_d27c9c53,completed,completed,True,,True,-0.24489999999999998,0.20933333333333348,272.87174881401006
A,core50_nc,0,167772160,default,O11,S_star,effectiveness_v3_20260918T125453Z_e468c444,effectiveness_v3_20260918T124542Z_e661f745,cuda_oom,completed,True,,False,,,
A,core50_nc,1,167772160,default,O11,S_star,effectiveness_v3_20260918T131141Z_97cbc12a,effectiveness_v3_20260918T130221Z_60c895a2,cuda_oom,completed,True,,False,,,
A,core50_nc,2,167772160,default,O11,S_star,effectiveness_v3_20260918T132826Z_dafb140a,effectiveness_v3_20260918T134105Z_8816285b,cuda_oom,completed,True,,False,,,
A,splitcifar100,0,167772160,default,O11,S_star,effectiveness_v3_20260918T135320Z_a44d2b26,effectiveness_v3_20260918T134746Z_6c651fb4,cuda_oom,completed,True,,False,,,
A,splitcifar100,1,167772160,default,O11,S_star,effectiveness_v3_20260918T140124Z_09059880,effectiveness_v3_20260918T135551Z_aa5dd7bf,cuda_oom,completed,True,,False,,,
A,splitcifar100,2,167772160,default,O11,S_star,effectiveness_v3_20260918T140924Z_0b422fc2,effectiveness_v3_20260918T141330Z_a81aaf78,cuda_oom,completed,True,,False,,,
B,core50_nc,0,335544320,default,O11,S_star,effectiveness_v3_20260918T142454Z_e358987c,effectiveness_v3_20260918T141959Z_1d7322eb,completed,completed,True,,True,-0.25925938315310454,0.007796790804675657,698.5802015019872
B,core50_nc,1,335544320,default,O11,S_star,effectiveness_v3_20260918T151027Z_6f26f3e9,effectiveness_v3_20260918T150530Z_e016f976,completed,completed,True,,True,-0.19843358703970765,-0.07295430295172656,634.196868545987
B,core50_nc,2,335544320,default,O11,S_star,effectiveness_v3_20260918T155534Z_4df370ae,effectiveness_v3_20260918T164020Z_d3a2f0de,completed,completed,True,,True,-0.24208699643294068,-0.025674918611120146,671.8122559690091
B,splitcifar100,0,335544320,default,O11,S_star,effectiveness_v3_20260918T164819Z_1eaa0e7b,effectiveness_v3_20260918T164641Z_656a2787,completed,completed,True,,True,-0.25409999999999994,0.11588888888888882,285.1932155510294
B,splitcifar100,1,335544320,default,O11,S_star,effectiveness_v3_20260918T170519Z_efdcf21c,effectiveness_v3_20260918T170342Z_a5939b94,completed,completed,True,,True,-0.24419999999999994,0.11888888888888893,285.16066721401876
B,splitcifar100,2,335544320,default,O11,S_star,effectiveness_v3_20260918T172216Z_c03835a6,effectiveness_v3_20260918T173859Z_b898a972,completed,completed,True,,True,-0.22349999999999995,0.0785555555555556,276.393907915015
A,core50_nc,0,167772160,default,O11,R11,effectiveness_v3_20260918T125453Z_e468c444,effectiveness_v3_20260918T125622Z_5cc2c4e7,cuda_oom,completed,True,,False,,,
A,core50_nc,1,167772160,default,O11,R11,effectiveness_v3_20260918T131141Z_97cbc12a,effectiveness_v3_20260918T131308Z_e7f97314,cuda_oom,completed,True,,False,,,
A,core50_nc,2,167772160,default,O11,R11,effectiveness_v3_20260918T132826Z_dafb140a,effectiveness_v3_20260918T132954Z_7351c595,cuda_oom,completed,True,,False,,,
A,splitcifar100,0,167772160,default,O11,R11,effectiveness_v3_20260918T135320Z_a44d2b26,effectiveness_v3_20260918T135350Z_94fffae9,cuda_oom,completed,True,,False,,,
A,splitcifar100,1,167772160,default,O11,R11,effectiveness_v3_20260918T140124Z_09059880,effectiveness_v3_20260918T140154Z_8551117e,cuda_oom,completed,True,,False,,,
A,splitcifar100,2,167772160,default,O11,R11,effectiveness_v3_20260918T140924Z_0b422fc2,effectiveness_v3_20260918T140955Z_ccb483a4,cuda_oom,completed,True,,False,,,
B,core50_nc,0,335544320,default,O11,R11,effectiveness_v3_20260918T142454Z_e358987c,effectiveness_v3_20260918T144127Z_d92f4f45,completed,completed,True,,True,-0.3770350880388311,0.2735674457963907,700.3325206829759
B,core50_nc,1,335544320,default,O11,R11,effectiveness_v3_20260918T151027Z_6f26f3e9,effectiveness_v3_20260918T152559Z_d84362b8,completed,completed,True,,True,-0.2867292391147274,0.17403767044777718,643.6731068009976
B,core50_nc,2,335544320,default,O11,R11,effectiveness_v3_20260918T155534Z_4df370ae,effectiveness_v3_20260918T161132Z_0b332220,completed,completed,True,,True,-0.34748134822596644,0.23679141080656374,678.6441446659737
B,splitcifar100,0,335544320,default,O11,R11,effectiveness_v3_20260918T164819Z_1eaa0e7b,effectiveness_v3_20260918T165443Z_1c14c05b,completed,completed,True,,True,-0.27709999999999996,0.25844444444444437,287.8338591080392
B,splitcifar100,1,335544320,default,O11,R11,effectiveness_v3_20260918T170519Z_efdcf21c,effectiveness_v3_20260918T171142Z_552f5e4f,completed,completed,True,,True,-0.27860000000000007,0.26888888888888896,284.3801010120078
B,splitcifar100,2,335544320,default,O11,R11,effectiveness_v3_20260918T172216Z_c03835a6,effectiveness_v3_20260918T172828Z_112e26f9,completed,completed,True,,True,-0.26170000000000004,0.23099999999999998,274.2934901030094
A,core50_nc,0,167772160,default,O11,F11,effectiveness_v3_20260918T125453Z_e468c444,effectiveness_v3_20260918T130106Z_37d309d9,cuda_oom,cuda_oom,True,,False,,,
A,core50_nc,1,167772160,default,O11,F11,effectiveness_v3_20260918T131141Z_97cbc12a,effectiveness_v3_20260918T131757Z_e471a404,cuda_oom,cuda_oom,True,,False,,,
A,core50_nc,2,167772160,default,O11,F11,effectiveness_v3_20260918T132826Z_dafb140a,effectiveness_v3_20260918T133452Z_f09920d9,cuda_oom,cuda_oom,True,,False,,,
A,splitcifar100,0,167772160,default,O11,F11,effectiveness_v3_20260918T135320Z_a44d2b26,effectiveness_v3_20260918T135529Z_f109dbc3,cuda_oom,cuda_oom,True,,False,,,
A,splitcifar100,1,167772160,default,O11,F11,effectiveness_v3_20260918T140124Z_09059880,effectiveness_v3_20260918T140331Z_47023b0d,cuda_oom,cuda_oom,True,,False,,,
A,splitcifar100,2,167772160,default,O11,F11,effectiveness_v3_20260918T140924Z_0b422fc2,effectiveness_v3_20260918T141131Z_aba3f441,cuda_oom,cuda_oom,True,,False,,,
B,core50_nc,0,335544320,default,O11,F11,effectiveness_v3_20260918T142454Z_e358987c,effectiveness_v3_20260918T144620Z_be1c54a2,completed,completed,True,,True,0.01905628340036153,-0.0214383188254067,-156.88250795801287
B,core50_nc,1,335544320,default,O11,F11,effectiveness_v3_20260918T151027Z_6f26f3e9,effectiveness_v3_20260918T153047Z_64a88b5a,completed,completed,True,,True,0.265372681527371,-0.2985442667182924,-263.0102866520174
B,core50_nc,2,335544320,default,O11,F11,effectiveness_v3_20260918T155534Z_4df370ae,effectiveness_v3_20260918T161611Z_22479fed,completed,completed,True,,True,0.08446487833763366,-0.0950229881298379,-207.81051383298473
B,splitcifar100,0,335544320,default,O11,F11,effectiveness_v3_20260918T164819Z_1eaa0e7b,effectiveness_v3_20260918T165619Z_636a0335,completed,completed,True,,True,0.056800000000000045,-0.06311111111111112,-58.29100159095833
B,splitcifar100,1,335544320,default,O11,F11,effectiveness_v3_20260918T170519Z_efdcf21c,effectiveness_v3_20260918T171321Z_0b9d1439,completed,completed,True,,True,-0.0204,0.022666666666666724,-53.51702852398739
B,splitcifar100,2,335544320,default,O11,F11,effectiveness_v3_20260918T172216Z_c03835a6,effectiveness_v3_20260918T173006Z_a240ced0,completed,completed,True,,True,0.05979999999999999,-0.06644444444444442,-62.12210022599902
A,core50_nc,0,167772160,default,O11,O00,effectiveness_v3_20260918T125453Z_e468c444,effectiveness_v3_20260918T125033Z_0169998d,cuda_oom,cuda_oom,True,,False,,,
A,core50_nc,1,167772160,default,O11,O00,effectiveness_v3_20260918T131141Z_97cbc12a,effectiveness_v3_20260918T130717Z_c1ab5a21,cuda_oom,cuda_oom,True,,False,,,
A,core50_nc,2,167772160,default,O11,O00,effectiveness_v3_20260918T132826Z_dafb140a,effectiveness_v3_20260918T132403Z_30b2b6d9,cuda_oom,cuda_oom,True,,False,,,
A,splitcifar100,0,167772160,default,O11,O00,effectiveness_v3_20260918T135320Z_a44d2b26,effectiveness_v3_20260918T134924Z_a57461cc,cuda_oom,completed,True,,False,,,
A,splitcifar100,1,167772160,default,O11,O00,effectiveness_v3_20260918T140124Z_09059880,effectiveness_v3_20260918T135730Z_5faec831,cuda_oom,completed,True,,False,,,
A,splitcifar100,2,167772160,default,O11,O00,effectiveness_v3_20260918T140924Z_0b422fc2,effectiveness_v3_20260918T140531Z_c2ff5b17,cuda_oom,completed,True,,False,,,
A,core50_nc,0,167772160,default,O11,O10,effectiveness_v3_20260918T125453Z_e468c444,effectiveness_v3_20260918T125201Z_602c23ec,cuda_oom,cuda_oom,True,,False,,,
A,core50_nc,1,167772160,default,O11,O10,effectiveness_v3_20260918T131141Z_97cbc12a,effectiveness_v3_20260918T130845Z_09b114c7,cuda_oom,cuda_oom,True,,False,,,
A,core50_nc,2,167772160,default,O11,O10,effectiveness_v3_20260918T132826Z_dafb140a,effectiveness_v3_20260918T132532Z_ffb79b97,cuda_oom,cuda_oom,True,,False,,,
A,splitcifar100,0,167772160,default,O11,O10,effectiveness_v3_20260918T135320Z_a44d2b26,effectiveness_v3_20260918T135107Z_986b52f6,cuda_oom,cuda_oom,True,,False,,,
A,splitcifar100,1,167772160,default,O11,O10,effectiveness_v3_20260918T140124Z_09059880,effectiveness_v3_20260918T135911Z_c0a10258,cuda_oom,cuda_oom,True,,False,,,
A,splitcifar100,2,167772160,default,O11,O10,effectiveness_v3_20260918T140924Z_0b422fc2,effectiveness_v3_20260918T140711Z_a8920eca,cuda_oom,cuda_oom,True,,False,,,
A,core50_nc,0,167772160,default,O11,O01,effectiveness_v3_20260918T125453Z_e468c444,effectiveness_v3_20260918T125327Z_307ffa7d,cuda_oom,cuda_oom,True,,False,,,
A,core50_nc,1,167772160,default,O11,O01,effectiveness_v3_20260918T131141Z_97cbc12a,effectiveness_v3_20260918T131014Z_b09fde4a,cuda_oom,cuda_oom,True,,False,,,
A,core50_nc,2,167772160,default,O11,O01,effectiveness_v3_20260918T132826Z_dafb140a,effectiveness_v3_20260918T132658Z_2cba89e4,cuda_oom,cuda_oom,True,,False,,,
A,splitcifar100,0,167772160,default,O11,O01,effectiveness_v3_20260918T135320Z_a44d2b26,effectiveness_v3_20260918T135137Z_c1fc1ed7,cuda_oom,completed,True,,False,,,
A,splitcifar100,1,167772160,default,O11,O01,effectiveness_v3_20260918T140124Z_09059880,effectiveness_v3_20260918T135941Z_a26de010,cuda_oom,completed,True,,False,,,
A,splitcifar100,2,167772160,default,O11,O01,effectiveness_v3_20260918T140924Z_0b422fc2,effectiveness_v3_20260918T140741Z_abeddeaf,cuda_oom,completed,True,,False,,,
