run_id,dataset,algorithm_base,method_id,seed,n_records,first_applied_batch,last_applied_batch,first_applied_replay,last_applied_replay,n_advanced,n_default,n_urge_gt_thr,max_latency_s,min_urge,max_urge
20260914T020345Z_formal_er_static_splitcifar10_49b53567,splitcifar10,er,er_static,0,10,,,,,0,0,0,,,
20260914T020417Z_formal_er_static_splitcifar10_3feb7772,splitcifar10,er,er_static,1,10,,,,,0,0,0,,,
20260914T020448Z_formal_er_static_splitcifar10_622747e6,splitcifar10,er,er_static,2,10,,,,,0,0,0,,,
20260914T020518Z_formal_orion_formula_splitcifar10_bb8625ac,splitcifar10,er,orion_formula,0,10,15,15,198,182,0,9,0,2.364997938000215,0.0002058900955453353,0.00024114485187081685
20260914T020550Z_formal_orion_formula_splitcifar10_b8e01a93,splitcifar10,er,orion_formula,1,10,15,15,198,182,0,9,0,2.3224092820000806,0.0002042726894016451,0.00023863864640486822
20260914T020621Z_formal_orion_formula_splitcifar10_cfe36dce,splitcifar10,er,orion_formula,2,10,15,15,198,182,0,9,0,2.315752792999774,0.0002080888092470179,0.00023989869830929
20260914T020653Z_formal_max_p_reconstructed_splitcifar10_6064ad95,splitcifar10,er,max_p_reconstructed,0,10,,,,,0,0,0,,,
20260914T020710Z_formal_max_p_reconstructed_splitcifar10_389e5088,splitcifar10,er,max_p_reconstructed,1,10,,,,,0,0,0,,,
20260914T020727Z_formal_max_p_reconstructed_splitcifar10_40817ded,splitcifar10,er,max_p_reconstructed,2,10,,,,,0,0,0,,,
20260914T020745Z_formal_lr_reconstructed_splitcifar10_b48b6703,splitcifar10,lr,lr_reconstructed,0,10,,,,,0,0,0,,,
20260914T020817Z_formal_lr_reconstructed_splitcifar10_3387b2b3,splitcifar10,lr,lr_reconstructed,1,10,,,,,0,0,0,,,
20260914T020849Z_formal_lr_reconstructed_splitcifar10_161a2fcd,splitcifar10,lr,lr_reconstructed,2,10,,,,,0,0,0,,,
20260914T020947Z_formal_orion_formula_splitcifar100_c9d5c860,splitcifar100,er,orion_formula,0,10,15,15,198,182,0,9,0,2.626561056000355,0.0002336142558159712,0.0002633374094258956
20260914T021021Z_formal_orion_formula_splitcifar100_e152ea59,splitcifar100,er,orion_formula,1,10,15,15,198,182,0,9,0,2.3160118310001963,0.00022574360460123126,0.00024397430991961847
20260914T021053Z_formal_orion_formula_splitcifar100_65bc6965,splitcifar100,er,orion_formula,2,10,15,15,198,182,0,9,0,2.3687115749999066,0.0002208767902615273,0.00024898720568460297
20260914T021126Z_formal_max_p_reconstructed_splitcifar100_5e77404a,splitcifar100,er,max_p_reconstructed,0,10,,,,,0,0,0,,,
20260914T021143Z_formal_max_p_reconstructed_splitcifar100_dfedb875,splitcifar100,er,max_p_reconstructed,1,10,,,,,0,0,0,,,
20260914T021200Z_formal_max_p_reconstructed_splitcifar100_16ea794e,splitcifar100,er,max_p_reconstructed,2,10,,,,,0,0,0,,,
20260914T021218Z_formal_lr_reconstructed_splitcifar100_8d70ff38,splitcifar100,lr,lr_reconstructed,0,10,,,,,0,0,0,,,
20260914T021251Z_formal_lr_reconstructed_splitcifar100_9423eb16,splitcifar100,lr,lr_reconstructed,1,10,,,,,0,0,0,,,
20260914T021322Z_formal_lr_reconstructed_splitcifar100_ad32f918,splitcifar100,lr,lr_reconstructed,2,10,,,,,0,0,0,,,
20260914T021408Z_formal_orion_formula_core50_ni_eb037058,core50_ni,er,orion_formula,0,8,15,15,198,187,0,7,0,14.064985726000032,0.0021683613835585445,0.004456986757321353
20260914T021719Z_formal_orion_formula_core50_ni_bdb4d6f6,core50_ni,er,orion_formula,1,8,15,15,198,186,0,7,0,9.385968696999953,0.0008900255544055738,0.001401614120961063
20260914T021941Z_formal_orion_formula_core50_ni_71009d0a,core50_ni,er,orion_formula,2,8,15,15,198,186,0,7,0,11.047333490000256,0.0007462943619202289,0.0021143937090282307
20260914T022206Z_formal_max_p_reconstructed_core50_ni_5470fc71,core50_ni,er,max_p_reconstructed,0,8,,,,,0,0,0,,,
20260914T022337Z_formal_max_p_reconstructed_core50_ni_ad05c20b,core50_ni,er,max_p_reconstructed,1,8,,,,,0,0,0,,,
20260914T022510Z_formal_max_p_reconstructed_core50_ni_8d9cd889,core50_ni,er,max_p_reconstructed,2,8,,,,,0,0,0,,,
20260914T022642Z_formal_lr_reconstructed_core50_ni_6c8402bb,core50_ni,lr,lr_reconstructed,0,8,,,,,0,0,0,,,
20260914T022849Z_formal_lr_reconstructed_core50_ni_c751484f,core50_ni,lr,lr_reconstructed,1,8,,,,,0,0,0,,,
20260914T023057Z_formal_lr_reconstructed_core50_ni_fb054ba1,core50_ni,lr,lr_reconstructed,2,8,,,,,0,0,0,,,
20260914T023314Z_formal_orion_formula_core50_nc_4130f090,core50_nc,er,orion_formula,0,9,15,15,198,184,0,8,0,10.416190686999471,0.0007462855522278178,0.001744050984999879
20260914T023513Z_formal_orion_formula_core50_nc_da61f399,core50_nc,er,orion_formula,1,9,15,15,198,184,0,8,0,10.336275253000167,0.000796891232358634,0.0017144495031069624
20260914T023711Z_formal_orion_formula_core50_nc_a64a8480,core50_nc,er,orion_formula,2,9,15,15,198,184,0,8,0,10.54052549500011,0.0007761324698495926,0.0017922339616454153
20260914T023910Z_formal_max_p_reconstructed_core50_nc_2032e4aa,core50_nc,er,max_p_reconstructed,0,9,,,,,0,0,0,,,
20260914T024022Z_formal_max_p_reconstructed_core50_nc_85123e35,core50_nc,er,max_p_reconstructed,1,9,,,,,0,0,0,,,
20260914T024134Z_formal_max_p_reconstructed_core50_nc_2f9c1a09,core50_nc,er,max_p_reconstructed,2,9,,,,,0,0,0,,,
20260914T024246Z_formal_lr_reconstructed_core50_nc_d7a575b5,core50_nc,lr,lr_reconstructed,0,9,,,,,0,0,0,,,
20260914T024435Z_formal_lr_reconstructed_core50_nc_c8c1badc,core50_nc,lr,lr_reconstructed,1,9,,,,,0,0,0,,,
20260914T024625Z_formal_lr_reconstructed_core50_nc_d1a0d2e2,core50_nc,lr,lr_reconstructed,2,9,,,,,0,0,0,,,
20260914T024847Z_formal_orion_formula_core50_nic_a1289eda,core50_nic,er,orion_formula,0,79,15,10,198,91,0,78,0,1.5625787620001574,0.00016957883753597206,0.00020244128519143428
20260914T030050Z_formal_orion_formula_core50_nic_e118ef01,core50_nic,er,orion_formula,1,79,15,10,198,91,0,78,0,1.5301205149999078,0.00016925254821458676,0.00020041508640587745
20260914T031244Z_formal_orion_formula_core50_nic_b960eeec,core50_nic,er,orion_formula,2,79,15,10,198,91,0,78,0,1.5735859050000727,0.00016985467615069882,0.0002029258092898377
20260914T032436Z_formal_max_p_reconstructed_core50_nic_ecacd038,core50_nic,er,max_p_reconstructed,0,79,,,,,0,0,0,,,
20260914T033543Z_formal_max_p_reconstructed_core50_nic_f9c99b77,core50_nic,er,max_p_reconstructed,1,79,,,,,0,0,0,,,
20260914T034647Z_formal_max_p_reconstructed_core50_nic_25ff5160,core50_nic,er,max_p_reconstructed,2,79,,,,,0,0,0,,,
20260914T035755Z_formal_lr_reconstructed_core50_nic_bdce0909,core50_nic,lr,lr_reconstructed,0,79,,,,,0,0,0,,,
20260914T040942Z_formal_lr_reconstructed_core50_nic_57fcf2f9,core50_nic,lr,lr_reconstructed,1,79,,,,,0,0,0,,,
20260914T042124Z_formal_lr_reconstructed_core50_nic_4bc2dd2a,core50_nic,lr,lr_reconstructed,2,79,,,,,0,0,0,,,
20260914T043423Z_formal_orion_formula_core50_nc_9afb203b,core50_nc,gem,orion_formula,0,9,15,17,198,239,6,2,7,62.12156414099991,0.001911625096132262,0.24782071743049874
20260914T044115Z_formal_orion_formula_core50_nc_2fdd8198,core50_nc,gem,orion_formula,1,9,15,17,198,239,6,2,7,59.242419972999414,0.0019956327618194302,0.24833215774463163
20260914T044752Z_formal_orion_formula_core50_nc_329eeb07,core50_nc,gem,orion_formula,2,9,15,17,198,238,6,2,7,61.944235696999385,0.0017132154124783504,0.24831100211334706
20260914T045433Z_formal_max_p_reconstructed_core50_nc_d1b9cec8,core50_nc,gem,max_p_reconstructed,0,9,,,,,0,0,0,,,
20260914T045613Z_formal_max_p_reconstructed_core50_nc_8af28ad0,core50_nc,gem,max_p_reconstructed,1,9,,,,,0,0,0,,,
20260914T045759Z_formal_max_p_reconstructed_core50_nc_cd19b052,core50_nc,gem,max_p_reconstructed,2,9,,,,,0,0,0,,,
20260914T045939Z_formal_orion_formula_core50_nc_41b12f45,core50_nc,agem,orion_formula,0,9,15,15,198,185,0,8,0,11.623154987999442,0.001829098487437718,0.002501083143264944
20260914T050206Z_formal_orion_formula_core50_nc_3d4ca5ca,core50_nc,agem,orion_formula,1,9,15,15,198,185,0,8,0,11.718566359999386,0.0017930844667270124,0.0025586775429706967
20260914T050433Z_formal_orion_formula_core50_nc_7fd3a765,core50_nc,agem,orion_formula,2,9,15,15,198,185,0,8,0,11.488459944999704,0.001733663399947188,0.002413438081134265
20260914T050659Z_formal_max_p_reconstructed_core50_nc_9d92650d,core50_nc,agem,max_p_reconstructed,0,9,,,,,0,0,0,,,
20260914T050835Z_formal_max_p_reconstructed_core50_nc_81693cbc,core50_nc,agem,max_p_reconstructed,1,9,,,,,0,0,0,,,
20260914T051009Z_formal_max_p_reconstructed_core50_nc_6d7f2b3b,core50_nc,agem,max_p_reconstructed,2,9,,,,,0,0,0,,,
20260914T051140Z_formal_orion_formula_core50_nc_22ff059b,core50_nc,gss,orion_formula,0,9,16,16,207,217,6,2,7,42.779983158001414,0.04268459324284874,0.23382827883900323
20260914T051659Z_formal_orion_formula_core50_nc_36cdedd3,core50_nc,gss,orion_formula,1,9,16,16,207,211,5,3,6,41.701514456999575,0.02831309941005641,0.22971465820992257
20260914T052203Z_formal_orion_formula_core50_nc_8687ef1e,core50_nc,gss,orion_formula,2,9,16,15,201,191,1,7,1,26.89061235599911,0.011318505938094438,0.07749689651161915
20260914T053151Z_formal_max_p_reconstructed_core50_nc_7efb1cf8,core50_nc,gss,max_p_reconstructed,0,9,,,,,0,0,0,,,
20260914T053316Z_formal_max_p_reconstructed_core50_nc_a10c7cdc,core50_nc,gss,max_p_reconstructed,1,9,,,,,0,0,0,,,
20260914T053434Z_formal_max_p_reconstructed_core50_nc_48a3c85a,core50_nc,gss,max_p_reconstructed,2,9,,,,,0,0,0,,,
20260914T053552Z_formal_max_a_reconstructed_splitcifar10_a7fb843d,splitcifar10,er,max_a_reconstructed,0,10,,,,,0,0,0,,,
20260914T063050Z_formal_max_a_reconstructed_splitcifar10_59a55a42,splitcifar10,er,max_a_reconstructed,1,10,,,,,0,0,0,,,
20260914T072236Z_formal_max_a_reconstructed_splitcifar10_c46ef72f,splitcifar10,er,max_a_reconstructed,2,10,,,,,0,0,0,,,
20260914T081931Z_formal_max_a_reconstructed_splitcifar100_a9db6564,splitcifar100,er,max_a_reconstructed,0,10,,,,,0,0,0,,,
20260914T091102Z_formal_max_a_reconstructed_splitcifar100_0550b013,splitcifar100,er,max_a_reconstructed,1,10,,,,,0,0,0,,,
