run_id,status,dataset,algorithm_base,optional_plugins,method_id,preference,preference_order,experiment_id,protocol_id,n_experiences,p_diag,s_initial,online_total_s,timing_schema,failure
20260914T020345Z_formal_er_static_splitcifar10_49b53567,completed,splitcifar10,er,none,er_static,,[],E02,paper_feedback_diag_initial_v1,10,0.9916,0.01966666666666661,25.829359939999904,online_loop_v2,
20260914T020417Z_formal_er_static_splitcifar10_3feb7772,completed,splitcifar10,er,none,er_static,,[],E02,paper_feedback_diag_initial_v1,10,0.9731,0.037111111111111095,24.998940181999842,online_loop_v2,
20260914T020448Z_formal_er_static_splitcifar10_622747e6,completed,splitcifar10,er,none,er_static,,[],E02,paper_feedback_diag_initial_v1,10,0.9456000000000001,0.08288888888888879,25.11436906999961,online_loop_v2,
20260914T020518Z_formal_orion_formula_splitcifar10_bb8625ac,completed,splitcifar10,er,none,orion_formula,,[],E02,paper_feedback_diag_initial_v1,10,0.9795,0.034222222222222154,26.176515191000362,online_loop_v2,
20260914T020550Z_formal_orion_formula_splitcifar10_b8e01a93,completed,splitcifar10,er,none,orion_formula,,[],E02,paper_feedback_diag_initial_v1,10,0.9747,0.04133333333333333,26.022550087000127,online_loop_v2,
20260914T020621Z_formal_orion_formula_splitcifar10_cfe36dce,completed,splitcifar10,er,none,orion_formula,,[],E02,paper_feedback_diag_initial_v1,10,0.9478,0.07977777777777773,26.350434828999823,online_loop_v2,
20260914T020653Z_formal_max_p_reconstructed_splitcifar10_6064ad95,completed,splitcifar10,er,none,max_p_reconstructed,,[],E03,paper_feedback_diag_initial_v1,10,0.708,0.32477777777777783,11.303021157999865,online_loop_v2,
20260914T020710Z_formal_max_p_reconstructed_splitcifar10_389e5088,completed,splitcifar10,er,none,max_p_reconstructed,,[],E03,paper_feedback_diag_initial_v1,10,0.5285,0.5291111111111111,11.550258406000012,online_loop_v2,
20260914T020727Z_formal_max_p_reconstructed_splitcifar10_40817ded,completed,splitcifar10,er,none,max_p_reconstructed,,[],E03,paper_feedback_diag_initial_v1,10,0.5035000000000001,0.5516666666666666,11.51462358200024,online_loop_v2,
20260914T020745Z_formal_lr_reconstructed_splitcifar10_b48b6703,completed,splitcifar10,lr,none,lr_reconstructed,,[],E03,paper_feedback_diag_initial_v1,10,0.9719999999999999,0.05844444444444441,26.81626400899995,online_loop_v2,
20260914T020817Z_formal_lr_reconstructed_splitcifar10_3387b2b3,completed,splitcifar10,lr,none,lr_reconstructed,,[],E03,paper_feedback_diag_initial_v1,10,0.9443999999999999,0.11377777777777776,25.738426796000113,online_loop_v2,
20260914T020849Z_formal_lr_reconstructed_splitcifar10_161a2fcd,completed,splitcifar10,lr,none,lr_reconstructed,,[],E03,paper_feedback_diag_initial_v1,10,0.9024000000000001,0.13511111111111118,25.593098275000102,online_loop_v2,
20260914T020947Z_formal_orion_formula_splitcifar100_c9d5c860,completed,splitcifar100,er,none,orion_formula,,[],E03,paper_feedback_diag_initial_v1,10,0.4615,0.557,27.89105166599984,online_loop_v2,
20260914T021021Z_formal_orion_formula_splitcifar100_e152ea59,completed,splitcifar100,er,none,orion_formula,,[],E03,paper_feedback_diag_initial_v1,10,0.4795000000000001,0.526888888888889,26.331386749000103,online_loop_v2,
20260914T021053Z_formal_orion_formula_splitcifar100_65bc6965,completed,splitcifar100,er,none,orion_formula,,[],E03,paper_feedback_diag_initial_v1,10,0.48040000000000005,0.5392222222222223,26.51725813999974,online_loop_v2,
20260914T021126Z_formal_max_p_reconstructed_splitcifar100_5e77404a,completed,splitcifar100,er,none,max_p_reconstructed,,[],E03,paper_feedback_diag_initial_v1,10,0.09409999999999999,0.9145555555555556,11.53810938300012,online_loop_v2,
20260914T021143Z_formal_max_p_reconstructed_splitcifar100_dfedb875,completed,splitcifar100,er,none,max_p_reconstructed,,[],E03,paper_feedback_diag_initial_v1,10,0.0894,0.9105555555555556,11.505156915000043,online_loop_v2,
20260914T021200Z_formal_max_p_reconstructed_splitcifar100_16ea794e,completed,splitcifar100,er,none,max_p_reconstructed,,[],E03,paper_feedback_diag_initial_v1,10,0.0889,0.9172222222222222,11.466784649999681,online_loop_v2,
20260914T021218Z_formal_lr_reconstructed_splitcifar100_8d70ff38,completed,splitcifar100,lr,none,lr_reconstructed,,[],E03,paper_feedback_diag_initial_v1,10,0.4213,0.5977777777777777,27.437142006999693,online_loop_v2,
20260914T021251Z_formal_lr_reconstructed_splitcifar100_9423eb16,completed,splitcifar100,lr,none,lr_reconstructed,,[],E03,paper_feedback_diag_initial_v1,10,0.42750000000000005,0.5987777777777777,24.881114501999946,online_loop_v2,
20260914T021322Z_formal_lr_reconstructed_splitcifar100_ad32f918,completed,splitcifar100,lr,none,lr_reconstructed,,[],E03,paper_feedback_diag_initial_v1,10,0.4246,0.6012222222222221,24.64360677700006,online_loop_v2,
20260914T021408Z_formal_orion_formula_core50_ni_eb037058,completed,core50_ni,er,none,orion_formula,,[],E03,paper_feedback_diag_initial_v1,8,0.16847705238815264,1.1052654985324202,184.636052414,online_loop_v2,
20260914T021719Z_formal_orion_formula_core50_ni_bdb4d6f6,completed,core50_ni,er,none,orion_formula,,[],E03,paper_feedback_diag_initial_v1,8,0.168763341634795,1.0714190416894322,135.06881635499985,online_loop_v2,
20260914T021941Z_formal_orion_formula_core50_ni_71009d0a,completed,core50_ni,er,none,orion_formula,,[],E03,paper_feedback_diag_initial_v1,8,0.1709702703904652,1.0959867091904805,138.84553521199996,online_loop_v2,
20260914T022206Z_formal_max_p_reconstructed_core50_ni_5470fc71,completed,core50_ni,er,none,max_p_reconstructed,,[],E03,paper_feedback_diag_initial_v1,8,0.10382571377746153,1.0314036670436209,85.9841943880001,online_loop_v2,
20260914T022337Z_formal_max_p_reconstructed_core50_ni_ad05c20b,completed,core50_ni,er,none,max_p_reconstructed,,[],E03,paper_feedback_diag_initial_v1,8,0.10134361380414479,1.0068963545571212,86.36479717200064,online_loop_v2,
20260914T022510Z_formal_max_p_reconstructed_core50_ni_8d9cd889,completed,core50_ni,er,none,max_p_reconstructed,,[],E03,paper_feedback_diag_initial_v1,8,0.10121019745619497,0.995130303299831,86.36843012099962,online_loop_v2,
20260914T022642Z_formal_lr_reconstructed_core50_ni_6c8402bb,completed,core50_ni,lr,none,lr_reconstructed,,[],E03,paper_feedback_diag_initial_v1,8,0.12587554478342078,1.0464066530285512,121.39111087099991,online_loop_v2,
20260914T022849Z_formal_lr_reconstructed_core50_ni_c751484f,completed,core50_ni,lr,none,lr_reconstructed,,[],E03,paper_feedback_diag_initial_v1,8,0.14133516410210795,1.0495514669445114,122.6046532829996,online_loop_v2,
20260914T023057Z_formal_lr_reconstructed_core50_ni_fb054ba1,completed,core50_ni,lr,none,lr_reconstructed,,[],E03,paper_feedback_diag_initial_v1,8,0.13696855821399984,1.0456728631148269,121.68015750500035,online_loop_v2,
20260914T023314Z_formal_orion_formula_core50_nc_4130f090,completed,core50_nc,er,none,orion_formula,,[],E03,paper_feedback_diag_initial_v1,9,0.6202472032976636,0.44547833096904144,112.76513073200022,online_loop_v2,
20260914T023513Z_formal_orion_formula_core50_nc_da61f399,completed,core50_nc,er,none,orion_formula,,[],E03,paper_feedback_diag_initial_v1,9,0.6081253771072334,0.45286020400957017,112.17628473599962,online_loop_v2,
20260914T023711Z_formal_orion_formula_core50_nc_a64a8480,completed,core50_nc,er,none,orion_formula,,[],E03,paper_feedback_diag_initial_v1,9,0.5845557778071404,0.49253297712049815,112.43756103399937,online_loop_v2,
20260914T023910Z_formal_max_p_reconstructed_core50_nc_2032e4aa,completed,core50_nc,er,none,max_p_reconstructed,,[],E03,paper_feedback_diag_initial_v1,9,0.34535087533404096,0.6455358208047595,66.25301466399924,online_loop_v2,
20260914T024022Z_formal_max_p_reconstructed_core50_nc_85123e35,completed,core50_nc,er,none,max_p_reconstructed,,[],E03,paper_feedback_diag_initial_v1,9,0.35840276826005335,0.6333246634852178,66.61344939999981,online_loop_v2,
20260914T024134Z_formal_max_p_reconstructed_core50_nc_2f9c1a09,completed,core50_nc,er,none,max_p_reconstructed,,[],E03,paper_feedback_diag_initial_v1,9,0.3703161926470164,0.6212276166054399,66.23111557100037,online_loop_v2,
20260914T024246Z_formal_lr_reconstructed_core50_nc_d7a575b5,completed,core50_nc,lr,none,lr_reconstructed,,[],E03,paper_feedback_diag_initial_v1,9,0.5277828568138114,0.5262151144125078,102.62322132699956,online_loop_v2,
20260914T024435Z_formal_lr_reconstructed_core50_nc_c8c1badc,completed,core50_nc,lr,none,lr_reconstructed,,[],E03,paper_feedback_diag_initial_v1,9,0.6013419989386546,0.4676907525604572,103.67193905299973,online_loop_v2,
20260914T024625Z_formal_lr_reconstructed_core50_nc_d1a0d2e2,completed,core50_nc,lr,none,lr_reconstructed,,[],E03,paper_feedback_diag_initial_v1,9,0.5507639883450667,0.5342285974934396,103.21593506099998,online_loop_v2,
20260914T024847Z_formal_orion_formula_core50_nic_a1289eda,completed,core50_nic,er,none,orion_formula,,[],E03,paper_feedback_diag_initial_v1,79,0.10844131425798555,1.0086971494513965,716.9344235419994,online_loop_v2,
20260914T030050Z_formal_orion_formula_core50_nic_e118ef01,completed,core50_nic,er,none,orion_formula,,[],E03,paper_feedback_diag_initial_v1,79,0.12348893319837827,0.9719264066302223,706.8387201429996,online_loop_v2,
20260914T031244Z_formal_orion_formula_core50_nic_b960eeec,completed,core50_nic,er,none,orion_formula,,[],E03,paper_feedback_diag_initial_v1,79,0.11849989360468455,0.9933072316221832,706.4159706749997,online_loop_v2,
20260914T032436Z_formal_max_p_reconstructed_core50_nic_ecacd038,completed,core50_nic,er,none,max_p_reconstructed,,[],E03,paper_feedback_diag_initial_v1,79,0.02137363670446984,1.0048822401174977,659.8926897130004,online_loop_v2,
20260914T033543Z_formal_max_p_reconstructed_core50_nic_f9c99b77,completed,core50_nic,er,none,max_p_reconstructed,,[],E03,paper_feedback_diag_initial_v1,79,0.02413822609173415,1.0047397012842179,657.5686057349994,online_loop_v2,
20260914T034647Z_formal_max_p_reconstructed_core50_nic_25ff5160,completed,core50_nic,er,none,max_p_reconstructed,,[],E03,paper_feedback_diag_initial_v1,79,0.02291383555675149,1.0067455077461303,662.100242673001,online_loop_v2,
20260914T035755Z_formal_lr_reconstructed_core50_nic_bdce0909,completed,core50_nic,lr,none,lr_reconstructed,,[],E03,paper_feedback_diag_initial_v1,79,0.05914650691231788,1.0014878203417739,700.8796318650002,online_loop_v2,
20260914T040942Z_formal_lr_reconstructed_core50_nic_57fcf2f9,completed,core50_nic,lr,none,lr_reconstructed,,[],E03,paper_feedback_diag_initial_v1,79,0.06409248173547086,1.0025366210770463,695.367345652001,online_loop_v2,
20260914T042124Z_formal_lr_reconstructed_core50_nic_4bc2dd2a,completed,core50_nic,lr,none,lr_reconstructed,,[],E03,paper_feedback_diag_initial_v1,79,0.06787514481584603,0.9960254471728278,697.3423757440014,online_loop_v2,
20260914T043423Z_formal_orion_formula_core50_nc_9afb203b,completed,core50_nc,gem,none,orion_formula,,[],E04,paper_feedback_diag_initial_v1,9,0.6272522998128507,0.4389425019934423,405.3235854609993,online_loop_v2,
20260914T044115Z_formal_orion_formula_core50_nc_2fdd8198,completed,core50_nc,gem,none,orion_formula,,[],E04,paper_feedback_diag_initial_v1,9,0.6190684491375459,0.42792509505599396,391.1390675549992,online_loop_v2,
20260914T044752Z_formal_orion_formula_core50_nc_329eeb07,completed,core50_nc,gem,none,orion_formula,,[],E04,paper_feedback_diag_initial_v1,9,0.6276041284021334,0.42251340257848435,394.82996929600085,online_loop_v2,
20260914T045433Z_formal_max_p_reconstructed_core50_nc_d1b9cec8,completed,core50_nc,gem,none,max_p_reconstructed,,[],E04,paper_feedback_diag_initial_v1,9,0.3890746673985135,0.6871890005929916,94.232805044001,online_loop_v2,
20260914T045613Z_formal_max_p_reconstructed_core50_nc_8af28ad0,completed,core50_nc,gem,none,max_p_reconstructed,,[],E04,paper_feedback_diag_initial_v1,9,0.4386584072260937,0.6075706260807658,100.61151672199958,online_loop_v2,
20260914T045759Z_formal_max_p_reconstructed_core50_nc_cd19b052,completed,core50_nc,gem,none,max_p_reconstructed,,[],E04,paper_feedback_diag_initial_v1,9,0.4122870904671934,0.6443534186722838,93.9767869820007,online_loop_v2,
20260914T045939Z_formal_orion_formula_core50_nc_41b12f45,completed,core50_nc,agem,none,orion_formula,,[],E04,paper_feedback_diag_initial_v1,9,0.6512961828290148,0.36373623876180283,141.51917077899998,online_loop_v2,
20260914T050206Z_formal_orion_formula_core50_nc_3d4ca5ca,completed,core50_nc,agem,none,orion_formula,,[],E04,paper_feedback_diag_initial_v1,9,0.6255323295763446,0.3878316847821678,140.2267984680002,online_loop_v2,
20260914T050433Z_formal_orion_formula_core50_nc_7fd3a765,completed,core50_nc,agem,none,orion_formula,,[],E04,paper_feedback_diag_initial_v1,9,0.6484693077770876,0.3668886954174432,140.87681419,online_loop_v2,
20260914T050659Z_formal_max_p_reconstructed_core50_nc_9d92650d,completed,core50_nc,agem,none,max_p_reconstructed,,[],E04,paper_feedback_diag_initial_v1,9,0.3843749412411588,0.6096615244370297,88.43556676500157,online_loop_v2,
20260914T050835Z_formal_max_p_reconstructed_core50_nc_81693cbc,completed,core50_nc,agem,none,max_p_reconstructed,,[],E04,paper_feedback_diag_initial_v1,9,0.3682653020277498,0.6261737574410037,87.30143370500082,online_loop_v2,
20260914T051009Z_formal_max_p_reconstructed_core50_nc_6d7f2b3b,completed,core50_nc,agem,none,max_p_reconstructed,,[],E04,paper_feedback_diag_initial_v1,9,0.355990488026466,0.6372051454146702,85.00220739500037,online_loop_v2,
20260914T051140Z_formal_orion_formula_core50_nc_22ff059b,completed,core50_nc,gss,none,orion_formula,,[],E04,paper_feedback_diag_initial_v1,9,0.4127260889222144,0.6496273353299857,313.2172099750005,online_loop_v2,
20260914T051659Z_formal_orion_formula_core50_nc_36cdedd3,completed,core50_nc,gss,none,orion_formula,,[],E04,paper_feedback_diag_initial_v1,9,0.4784727830605228,0.6002008605973169,297.1612223810007,online_loop_v2,
20260914T052203Z_formal_orion_formula_core50_nc_8687ef1e,completed,core50_nc,gss,none,orion_formula,,[],E04,paper_feedback_diag_initial_v1,9,0.011107404524506715,1.0,221.91696220099948,online_loop_v2,
20260914T053151Z_formal_max_p_reconstructed_core50_nc_7efb1cf8,completed,core50_nc,gss,none,max_p_reconstructed,,[],E04,paper_feedback_diag_initial_v1,9,0.22494890342060922,0.7719324836518147,78.65889851500106,online_loop_v2,
20260914T053316Z_formal_max_p_reconstructed_core50_nc_a10c7cdc,completed,core50_nc,gss,none,max_p_reconstructed,,[],E04,paper_feedback_diag_initial_v1,9,0.252759990297911,0.7439505664704057,72.75048096499995,online_loop_v2,
20260914T053434Z_formal_max_p_reconstructed_core50_nc_48a3c85a,completed,core50_nc,gss,none,max_p_reconstructed,,[],E04,paper_feedback_diag_initial_v1,9,0.21354478499668225,0.7860121168787324,73.14726006199999,online_loop_v2,
20260914T053552Z_formal_max_a_reconstructed_splitcifar10_a7fb843d,completed,splitcifar10,er,gem_ewc,max_a_reconstructed,,[],E03,paper_feedback_diag_initial_v1,10,0.2564,0.8262222222222222,3290.7559027999996,online_loop_v2,
20260914T063050Z_formal_max_a_reconstructed_splitcifar10_59a55a42,completed,splitcifar10,er,gem_ewc,max_a_reconstructed,,[],E03,paper_feedback_diag_initial_v1,10,0.2555,0.8272222222222222,3098.9513341469974,online_loop_v2,
20260914T072236Z_formal_max_a_reconstructed_splitcifar10_c46ef72f,completed,splitcifar10,er,gem_ewc,max_a_reconstructed,,[],E03,paper_feedback_diag_initial_v1,10,0.2639,0.8178888888888889,3407.031193838,online_loop_v2,
20260914T081931Z_formal_max_a_reconstructed_splitcifar100_a9db6564,completed,splitcifar100,er,gem_ewc,max_a_reconstructed,,[],E03,paper_feedback_diag_initial_v1,10,0.0205,0.9883333333333333,3082.854735822999,online_loop_v2,
20260914T091102Z_formal_max_a_reconstructed_splitcifar100_0550b013,completed,splitcifar100,er,gem_ewc,max_a_reconstructed,,[],E03,paper_feedback_diag_initial_v1,10,0.043500000000000004,0.9627777777777777,3168.5954698729984,online_loop_v2,
