run_id,phase,dataset,method_id,status,protocol_id,seed,experiences,P_diag,S_initial,online_total_s,timing_schema,usage
20260913T110945Z_development_orion_formula_splitcifar10_0619e590,development,splitcifar10,orion_formula,completed,per_experience,,10,0.9612999999999999,0.05811111111111111,31.08267184799479,,unclassified
20260913T111118Z_development_max_p_reconstructed_splitcifar10_eedbeab8,development,splitcifar10,max_p_reconstructed,completed,per_experience,,10,0.46259999999999996,0.5973333333333333,11.45592128700082,,unclassified
20260913T111135Z_development_lr_reconstructed_splitcifar10_c7adfcf5,development,splitcifar10,lr_reconstructed,completed,per_experience,,10,0.9611999999999998,0.06855555555555548,24.512578226000187,,unclassified
20260913T111205Z_development_er_static_splitcifar100_dc9a07ae,development,splitcifar100,er_static,completed,per_experience,,10,0.40590000000000004,0.619,24.890637750999304,,unclassified
20260913T112140Z_development_orion_formula_splitcifar10_98944974,development,splitcifar10,orion_formula,completed,per_experience,,10,0.45730000000000004,0.603,134.80314522600383,,unclassified
20260913T112524Z_development_er_static_core50_nc_76ccc577,development,core50_nc,er_static,completed,shared_sliced_by_train_classes,,9,0.6797759114434254,0.42159377830285516,108.09220381000341,,unclassified
20260913T112751Z_development_er_static_core50_ni_86ca0a3d,development,core50_ni,er_static,completed,shared_test_temporal,,8,0.23543733092876465,1.110318175962901,101.69388287900074,,unclassified
20260913T113802Z_development_max_a_reconstructed_splitcifar10_53c9175a,development,splitcifar10,max_a_reconstructed,completed,per_experience,,10,0.2041,0.8843333333333333,2431.3638941290046,,unclassified
20260913T121938Z_development_er_static_splitcifar10_9caa0f1c,development,splitcifar10,er_static,completed,per_experience,,10,0.9746,0.06622222222222218,24.01819229099783,,unclassified
20260913T122007Z_development_er_static_splitcifar10_6c54b086,development,splitcifar10,er_static,completed,per_experience,,10,0.9614999999999998,0.05655555555555558,42.52336008800194,,unclassified
20260913T122133Z_development_orion_formula_splitcifar10_54388491,development,splitcifar10,orion_formula,completed,per_experience,,10,0.9845,0.024333333333333318,22.229460406000726,,unclassified
20260913T122200Z_development_orion_formula_splitcifar10_12860570,development,splitcifar10,orion_formula,completed,per_experience,,10,0.9711999999999998,0.0377777777777778,22.284224969997013,,unclassified
20260913T122227Z_development_orion_formula_splitcifar10_f8d7765c,development,splitcifar10,orion_formula,completed,per_experience,,10,0.9731,0.03611111111111098,21.982311450999987,,unclassified
20260913T122645Z_development_gem_static_core50_nc_5def70c8,development,core50_nc,gem_static,completed,shared_sliced_by_train_classes,,9,0.6512001736726112,0.45254819846758565,362.7739576169988,,unclassified
20260913T123252Z_development_agem_static_core50_nc_f18a739d,development,core50_nc,agem_static,completed,shared_sliced_by_train_classes,,9,0.6307170150565437,0.39746716758519796,152.72760699799983,,unclassified
20260913T123529Z_development_gss_static_core50_nc_9e32b119,development,core50_nc,gss_static,completed,shared_sliced_by_train_classes,,9,0.38081453283789585,0.7238963242147112,204.062622352998,,unclassified
20260913T123939Z_development_oracle_reconstructed_splitcifar10_07f93bec,development,splitcifar10,oracle_reconstructed,completed,per_experience,,10,0.9984,0.002666666666666817,23.2948057149988,,unclassified
20260913T124009Z_development_oracle_reconstructed_splitcifar10_70f58c16,development,splitcifar10,oracle_reconstructed,completed,per_experience,,10,0.9814999999999999,0.021333333333333315,23.15094625000347,,unclassified
20260913T124038Z_development_oracle_reconstructed_splitcifar10_e7777913,development,splitcifar10,oracle_reconstructed,completed,per_experience,,10,0.8946999999999999,0.277,22.825732177996542,,unclassified
20260913T124105Z_development_oracle_reconstructed_splitcifar10_fec50fab,development,splitcifar10,oracle_reconstructed,completed,per_experience,,10,0.9970000000000001,0.003444444444444472,15.102123511001992,,unclassified
20260913T124125Z_development_oracle_reconstructed_splitcifar10_da024704,development,splitcifar10,oracle_reconstructed,completed,per_experience,,10,0.9642999999999999,0.049000000000000044,15.723103471995273,,unclassified
20260913T124145Z_development_oracle_reconstructed_splitcifar10_3a9a0dde,development,splitcifar10,oracle_reconstructed,completed,per_experience,,10,0.9949999999999999,0.005555555555555647,11.01774105399818,,unclassified
20260913T124419Z_development_er_static_core50_nic_5d909a2f,development,core50_nic,er_static,completed,shared_test_temporal,,79,0.11641692970113199,1.0094452359598338,507.41667434400006,,unclassified
20260913T125346Z_development_oracle_reconstructed_splitcifar10_c16866bd,development,splitcifar10,oracle_reconstructed,completed,per_experience,,10,0.9119999999999999,0.3846666666666667,22.859198614998604,,unclassified
20260913T125413Z_development_oracle_reconstructed_splitcifar10_ec879435,development,splitcifar10,oracle_reconstructed,completed,per_experience,,10,0.8986000000000001,0.28266666666666673,16.263661159006006,,unclassified
20260913T125434Z_development_oracle_reconstructed_splitcifar10_0c31b481,development,splitcifar10,oracle_reconstructed,completed,per_experience,,10,0.9022,0.133,13.145751197000209,,unclassified
20260913T125452Z_development_oracle_reconstructed_splitcifar10_ea2f2811,development,splitcifar10,oracle_reconstructed,completed,per_experience,,10,0.9135,0.18766666666666665,14.484611209998548,,unclassified
20260913T125511Z_development_oracle_reconstructed_splitcifar10_ea1a8007,development,splitcifar10,oracle_reconstructed,completed,per_experience,,10,1.0,0.0,10.460763142997166,,unclassified
20260913T125526Z_development_oracle_reconstructed_splitcifar10_3d99f713,development,splitcifar10,oracle_reconstructed,completed,per_experience,,10,0.9343,0.1008888888888888,12.64753465299873,,unclassified
20260913T125543Z_development_oracle_reconstructed_splitcifar10_327f0cf3,development,splitcifar10,oracle_reconstructed,completed,per_experience,,10,0.506,0.548888888888889,9.670499034000386,,unclassified
20260913T125557Z_development_oracle_reconstructed_splitcifar10_a8671e73,development,splitcifar10,oracle_reconstructed,completed,per_experience,,10,0.8913,0.43266666666666664,22.526190450000286,,unclassified
20260913T125706Z_development_oracle_reconstructed_splitcifar10_cbcfd2c7,development,splitcifar10,oracle_reconstructed,completed,per_experience,,10,0.30019999999999997,0.766,13.156926717005263,,unclassified
20260913T125724Z_development_oracle_reconstructed_splitcifar10_c7b3085c,development,splitcifar10,oracle_reconstructed,completed,per_experience,,10,0.3,0.7723333333333333,11.536642365004809,,unclassified
20260913T125740Z_development_oracle_reconstructed_splitcifar10_de151cf1,development,splitcifar10,oracle_reconstructed,completed,per_experience,,10,0.29009999999999997,0.8402222222222222,15.165806448996591,,unclassified
20260913T125759Z_development_oracle_reconstructed_splitcifar10_8afe2fee,development,splitcifar10,oracle_reconstructed,completed,per_experience,,10,0.26159999999999994,0.8744444444444445,16.300798347998352,,unclassified
20260913T125820Z_development_oracle_reconstructed_splitcifar10_ff7a47f8,development,splitcifar10,oracle_reconstructed,completed,per_experience,,10,0.273,0.8488888888888889,16.90776476800238,,unclassified
20260913T125841Z_development_oracle_reconstructed_splitcifar10_c90b0e74,development,splitcifar10,oracle_reconstructed,completed,per_experience,,10,0.273,0.8482222222222222,15.86113930499414,,unclassified
20260913T125902Z_development_oracle_reconstructed_splitcifar10_8e81af55,development,splitcifar10,oracle_reconstructed,completed,per_experience,,10,0.8977,0.138,13.082509347994346,,unclassified
20260913T125919Z_development_oracle_reconstructed_splitcifar10_8e448382,development,splitcifar10,oracle_reconstructed,completed,per_experience,,10,0.8225,0.197888888888889,14.430626954999752,,unclassified
20260913T125938Z_development_oracle_reconstructed_splitcifar10_6bc5ec11,development,splitcifar10,oracle_reconstructed,completed,per_experience,,10,0.8629999999999999,0.1721111111111111,13.579067496000789,,unclassified
20260913T125956Z_development_oracle_reconstructed_splitcifar10_e7a798d7,development,splitcifar10,oracle_reconstructed,completed,per_experience,,10,0.8653000000000001,0.17088888888888887,14.410300356001244,,unclassified
20260913T130015Z_development_oracle_reconstructed_splitcifar10_552cc672,development,splitcifar10,oracle_reconstructed,completed,per_experience,,10,0.8878,0.46399999999999997,21.851747731001524,,unclassified
20260913T130041Z_development_oracle_reconstructed_splitcifar10_d5c12b2a,development,splitcifar10,oracle_reconstructed,completed,per_experience,,10,0.6494,0.39122222222222225,11.033395578000636,,unclassified
20260913T130056Z_development_oracle_reconstructed_splitcifar10_a3e7997c,development,splitcifar10,oracle_reconstructed,completed,per_experience,,10,0.6670999999999999,0.39655555555555544,13.357653123995988,,unclassified
20260913T130114Z_development_oracle_reconstructed_splitcifar10_c713e4c5,development,splitcifar10,oracle_reconstructed,completed,per_experience,,10,0.7776,0.3067777777777779,13.761219395993976,,unclassified
20260913T130133Z_development_oracle_reconstructed_splitcifar10_ecdf43ab,development,splitcifar10,oracle_reconstructed,completed,per_experience,,10,0.7419,0.34544444444444455,13.857987129005778,,unclassified
20260913T130151Z_development_oracle_reconstructed_splitcifar10_b6c9d9a8,development,splitcifar10,oracle_reconstructed,completed,per_experience,,10,0.7412,0.3415555555555556,14.106515196996043,,unclassified
20260913T130209Z_development_oracle_reconstructed_splitcifar10_923b42c6,development,splitcifar10,oracle_reconstructed,completed,per_experience,,10,0.9062000000000001,0.28622222222222227,16.87086873199587,,unclassified
20260913T130231Z_development_oracle_reconstructed_splitcifar10_2986d1ec,development,splitcifar10,oracle_reconstructed,completed,per_experience,,10,0.9068999999999999,0.24244444444444435,16.823814914998366,,unclassified
20260913T130252Z_development_oracle_reconstructed_splitcifar10_37406424,development,splitcifar10,oracle_reconstructed,completed,per_experience,,10,0.8836999999999999,0.2633333333333333,16.916655248001916,,unclassified
20260913T130313Z_development_oracle_reconstructed_splitcifar10_22c0ebd0,development,splitcifar10,oracle_reconstructed,completed,per_experience,,10,0.3952,0.6674444444444445,10.524213582997618,,unclassified
20260913T130328Z_development_oracle_reconstructed_splitcifar10_11b22057,development,splitcifar10,oracle_reconstructed,completed,per_experience,,10,0.4058,0.6493333333333333,11.2184484649988,,unclassified
20260913T130344Z_development_oracle_reconstructed_splitcifar10_ca26a983,development,splitcifar10,oracle_reconstructed,completed,per_experience,,10,0.5345,0.536,14.951420365003287,,unclassified
20260913T130403Z_development_oracle_reconstructed_splitcifar10_28f9ae8c,development,splitcifar10,oracle_reconstructed,completed,per_experience,,10,0.5224,0.5466666666666666,14.156953264995536,,unclassified
20260913T130422Z_development_oracle_reconstructed_splitcifar10_0e9460f3,development,splitcifar10,oracle_reconstructed,completed,per_experience,,10,0.5221,0.5492222222222222,16.401666466997995,,unclassified
20260913T130443Z_development_oracle_reconstructed_splitcifar10_bf756559,development,splitcifar10,oracle_reconstructed,completed,per_experience,,10,0.5213,0.5495555555555556,16.27785165199748,,unclassified
20260913T130503Z_development_oracle_reconstructed_splitcifar10_71e5ea14,development,splitcifar10,oracle_reconstructed,completed,per_experience,,10,0.9103000000000001,0.1664444444444445,15.006054101002519,,unclassified
20260913T130523Z_development_oracle_reconstructed_splitcifar10_b5d974eb,development,splitcifar10,oracle_reconstructed,completed,per_experience,,10,0.9139000000000002,0.16299999999999992,16.197688652995566,,unclassified
20260913T130543Z_development_oracle_reconstructed_splitcifar10_69b87228,development,splitcifar10,oracle_reconstructed,completed,per_experience,,10,0.9167,0.19066666666666665,15.319587005993526,,unclassified
20260913T132556Z_development_orion_formula_splitcifar10_0b083105,development,splitcifar10,orion_formula,completed,per_experience,,10,0.9785,0.03611111111111098,24.59909183399577,,unclassified
20260913T135315Z_development_orion_formula_splitcifar100_b0d5114b,development,splitcifar100,orion_formula,completed,per_experience,,10,0.41669999999999996,0.5948888888888889,22.57346311499714,,unclassified
20260913T152118Z_development_er_static_endless_ic_398320c0,development,endless_ic,er_static,completed,per_experience,,4,0.9172265623774414,0.8209806723926136,22.348058739997214,online_loop_v2,current_code_development
20260913T152146Z_development_orion_formula_endless_ic_73fb3659,development,endless_ic,orion_formula,completed,per_experience,,4,0.9706823147789271,0.8305389434767924,15.560727119998774,online_loop_v2,current_code_development
20260913T152207Z_development_er_static_endless_il_a4f0c423,development,endless_il,er_static,completed,per_experience,,5,0.9832955540460604,1.0052194514327923,93.11023815099907,online_loop_v2,current_code_development
20260913T152347Z_development_orion_formula_endless_il_ce5b46b7,development,endless_il,orion_formula,completed,per_experience,,5,0.9881383586856007,0.9968124452784017,85.72735880300024,online_loop_v2,current_code_development
20260913T152521Z_development_er_static_endless_wc_31d1541f,development,endless_wc,er_static,completed,per_experience,,5,0.9423639186739508,0.9975981806522207,97.46457535900117,online_loop_v2,current_code_development
20260913T152705Z_development_orion_formula_endless_wc_3815ff87,development,endless_wc,orion_formula,completed,per_experience,,5,0.9766943091093016,0.9629233791012332,89.69834629000252,online_loop_v2,current_code_development
20260913T152917Z_smoke_er_static_splitcifar10_0b5311c8,,,,cuda_oom,,,,,,,,unclassified
20260913T152923Z_smoke_er_static_splitcifar10_dff6e6a1,smoke,splitcifar10,er_static,completed,per_experience,,2,0.9964999999999999,0.686,3.7416280820034444,online_loop_v2,current_code_development
20260914T013200Z_development_er_static_splitcifar10_ffad8294,development,splitcifar10,er_static,completed,per_experience,,10,0.9643,0.07677777777777761,20.787653139999975,online_loop_v2,current_code_development
20260914T013228Z_development_orion_formula_splitcifar10_6c640a52,development,splitcifar10,orion_formula,completed,per_experience,,10,0.9719,0.04855555555555546,21.527674432999902,online_loop_v2,current_code_development
20260914T013255Z_development_er_static_splitcifar100_9b883403,development,splitcifar100,er_static,completed,per_experience,,10,0.42090000000000005,0.5968888888888889,20.84271985999999,online_loop_v2,current_code_development
20260914T013321Z_development_orion_formula_splitcifar100_d082403c,development,splitcifar100,orion_formula,completed,per_experience,,10,0.4269,0.5854444444444444,21.726823702000047,online_loop_v2,current_code_development
20260914T013349Z_development_er_static_splitcifar10_63fd1953,development,splitcifar10,er_static,completed,per_experience,,10,0.9334,0.09033333333333338,21.29387598099993,online_loop_v2,current_code_development
20260914T013415Z_development_er_static_splitcifar10_6fa8ac93,development,splitcifar10,er_static,completed,per_experience,,10,0.9583999999999999,0.08044444444444443,40.72117357999991,online_loop_v2,current_code_development
20260914T013501Z_development_orion_formula_splitcifar10_6d774fe7,development,splitcifar10,orion_formula,completed,per_experience,,2,1.0,0.0,15.664973443999997,online_loop_v2,current_code_development
20260914T013523Z_development_orion_formula_splitcifar10_3a8af3a4,development,splitcifar10,orion_formula,completed,per_experience,,2,1.0,0.0,5.139925752999943,online_loop_v2,current_code_development
20260914T013533Z_development_orion_formula_splitcifar10_f62e9c79,development,splitcifar10,orion_formula,completed,per_experience,,2,0.9755,0.911,16.122533420999844,online_loop_v2,current_code_development
20260914T013738Z_development_orion_formula_splitcifar10_d26d1e33,development,splitcifar10,orion_formula,completed,per_experience,,10,0.9780000000000001,0.06411111111111112,21.16789978299994,online_loop_v2,current_code_development
20260914T013918Z_development_er_static_splitcifar10_a5bd51c2,development,splitcifar10,er_static,completed,per_experience,,10,0.9208000000000001,0.12311111111111117,21.03667330600001,online_loop_v2,current_code_development
20260914T013940Z_development_orion_formula_splitcifar10_1675dcb0,development,splitcifar10,orion_formula,completed,per_experience,,10,0.9675999999999998,0.04544444444444451,21.00239642800011,online_loop_v2,current_code_development
20260914T014002Z_development_er_static_splitcifar10_a95886a4,development,splitcifar10,er_static,completed,per_experience,,10,0.9309999999999998,0.10844444444444457,20.84838747899994,online_loop_v2,current_code_development
20260914T014023Z_development_orion_formula_splitcifar10_3fcf565b,development,splitcifar10,orion_formula,completed,per_experience,,10,0.9249,0.1323333333333333,21.184468227000025,online_loop_v2,current_code_development
20260914T014211Z_development_er_static_core50_nc_295de7c7,development,core50_nc,er_static,completed,shared_sliced_by_train_classes,,9,0.6626679574203316,0.46162046194658046,111.2317163990001,online_loop_v2,current_code_development
20260914T014407Z_development_orion_formula_core50_nc_7addadae,development,core50_nc,orion_formula,completed,shared_sliced_by_train_classes,,9,0.6262601975932913,0.46615607378778257,80.92434389300001,online_loop_v2,current_code_development
20260914T014612Z_development_er_static_core50_ni_d887fa36,development,core50_ni,er_static,completed,shared_test_temporal,,8,0.21704238052299368,1.1292283910859204,88.4572873850002,online_loop_v2,current_code_development
20260914T014746Z_development_orion_formula_core50_ni_16f9834d,development,core50_ni,orion_formula,completed,shared_test_temporal,,8,0.220474526600541,1.1244299884065438,87.64224488700006,online_loop_v2,current_code_development
20260914T015906Z_development_er_static_splitcifar10_e594df82,development,splitcifar10,er_static,completed,per_experience,,10,0.9789,0.027111111111111086,22.99691768899993,online_loop_v2,current_code_development
20260914T015936Z_development_er_static_splitcifar10_2a595305,development,splitcifar10,er_static,completed,per_experience,,10,0.9514000000000001,0.07533333333333325,21.154222742,online_loop_v2,current_code_development
20260914T020002Z_development_er_static_splitcifar10_8fd47ae5,development,splitcifar10,er_static,completed,per_experience,,10,0.944,0.08266666666666667,20.905200176999642,online_loop_v2,current_code_development
20260914T020029Z_development_max_p_reconstructed_splitcifar10_d6032d5f,development,splitcifar10,max_p_reconstructed,completed,per_experience,,10,0.501,0.5544444444444445,10.907793109000067,online_loop_v2,current_code_development
20260914T020045Z_development_lr_reconstructed_splitcifar10_ec3a0d66,development,splitcifar10,lr_reconstructed,completed,per_experience,,10,0.9578000000000001,0.08277777777777784,20.440432066000085,online_loop_v2,current_code_development
20260914T020345Z_formal_er_static_splitcifar10_49b53567,formal,splitcifar10,er_static,completed,per_experience,,10,0.9916,0.01966666666666661,25.829359939999904,online_loop_v2,formal
20260914T020417Z_formal_er_static_splitcifar10_3feb7772,formal,splitcifar10,er_static,completed,per_experience,,10,0.9731,0.037111111111111095,24.998940181999842,online_loop_v2,formal
20260914T020448Z_formal_er_static_splitcifar10_622747e6,formal,splitcifar10,er_static,completed,per_experience,,10,0.9456000000000001,0.08288888888888879,25.11436906999961,online_loop_v2,formal
20260914T020518Z_formal_orion_formula_splitcifar10_bb8625ac,formal,splitcifar10,orion_formula,completed,per_experience,,10,0.9795,0.034222222222222154,26.176515191000362,online_loop_v2,formal
20260914T020550Z_formal_orion_formula_splitcifar10_b8e01a93,formal,splitcifar10,orion_formula,completed,per_experience,,10,0.9747,0.04133333333333333,26.022550087000127,online_loop_v2,formal
20260914T020621Z_formal_orion_formula_splitcifar10_cfe36dce,formal,splitcifar10,orion_formula,completed,per_experience,,10,0.9478,0.07977777777777773,26.350434828999823,online_loop_v2,formal
20260914T020653Z_formal_max_p_reconstructed_splitcifar10_6064ad95,formal,splitcifar10,max_p_reconstructed,completed,per_experience,,10,0.708,0.32477777777777783,11.303021157999865,online_loop_v2,formal
20260914T020710Z_formal_max_p_reconstructed_splitcifar10_389e5088,formal,splitcifar10,max_p_reconstructed,completed,per_experience,,10,0.5285,0.5291111111111111,11.550258406000012,online_loop_v2,formal
20260914T020727Z_formal_max_p_reconstructed_splitcifar10_40817ded,formal,splitcifar10,max_p_reconstructed,completed,per_experience,,10,0.5035000000000001,0.5516666666666666,11.51462358200024,online_loop_v2,formal
20260914T020745Z_formal_lr_reconstructed_splitcifar10_b48b6703,formal,splitcifar10,lr_reconstructed,completed,per_experience,,10,0.9719999999999999,0.05844444444444441,26.81626400899995,online_loop_v2,formal
20260914T020817Z_formal_lr_reconstructed_splitcifar10_3387b2b3,formal,splitcifar10,lr_reconstructed,completed,per_experience,,10,0.9443999999999999,0.11377777777777776,25.738426796000113,online_loop_v2,formal
20260914T020849Z_formal_lr_reconstructed_splitcifar10_161a2fcd,formal,splitcifar10,lr_reconstructed,completed,per_experience,,10,0.9024000000000001,0.13511111111111118,25.593098275000102,online_loop_v2,formal
20260914T020947Z_formal_orion_formula_splitcifar100_c9d5c860,formal,splitcifar100,orion_formula,completed,per_experience,,10,0.4615,0.557,27.89105166599984,online_loop_v2,formal
20260914T021021Z_formal_orion_formula_splitcifar100_e152ea59,formal,splitcifar100,orion_formula,completed,per_experience,,10,0.4795000000000001,0.526888888888889,26.331386749000103,online_loop_v2,formal
20260914T021053Z_formal_orion_formula_splitcifar100_65bc6965,formal,splitcifar100,orion_formula,completed,per_experience,,10,0.48040000000000005,0.5392222222222223,26.51725813999974,online_loop_v2,formal
20260914T021126Z_formal_max_p_reconstructed_splitcifar100_5e77404a,formal,splitcifar100,max_p_reconstructed,completed,per_experience,,10,0.09409999999999999,0.9145555555555556,11.53810938300012,online_loop_v2,formal
20260914T021143Z_formal_max_p_reconstructed_splitcifar100_dfedb875,formal,splitcifar100,max_p_reconstructed,completed,per_experience,,10,0.0894,0.9105555555555556,11.505156915000043,online_loop_v2,formal
20260914T021200Z_formal_max_p_reconstructed_splitcifar100_16ea794e,formal,splitcifar100,max_p_reconstructed,completed,per_experience,,10,0.0889,0.9172222222222222,11.466784649999681,online_loop_v2,formal
20260914T021218Z_formal_lr_reconstructed_splitcifar100_8d70ff38,formal,splitcifar100,lr_reconstructed,completed,per_experience,,10,0.4213,0.5977777777777777,27.437142006999693,online_loop_v2,formal
20260914T021251Z_formal_lr_reconstructed_splitcifar100_9423eb16,formal,splitcifar100,lr_reconstructed,completed,per_experience,,10,0.42750000000000005,0.5987777777777777,24.881114501999946,online_loop_v2,formal
20260914T021322Z_formal_lr_reconstructed_splitcifar100_ad32f918,formal,splitcifar100,lr_reconstructed,completed,per_experience,,10,0.4246,0.6012222222222221,24.64360677700006,online_loop_v2,formal
20260914T021408Z_formal_orion_formula_core50_ni_eb037058,formal,core50_ni,orion_formula,completed,shared_test_temporal,,8,0.16847705238815264,1.1052654985324202,184.636052414,online_loop_v2,formal
20260914T021719Z_formal_orion_formula_core50_ni_bdb4d6f6,formal,core50_ni,orion_formula,completed,shared_test_temporal,,8,0.168763341634795,1.0714190416894322,135.06881635499985,online_loop_v2,formal
20260914T021941Z_formal_orion_formula_core50_ni_71009d0a,formal,core50_ni,orion_formula,completed,shared_test_temporal,,8,0.1709702703904652,1.0959867091904805,138.84553521199996,online_loop_v2,formal
20260914T022206Z_formal_max_p_reconstructed_core50_ni_5470fc71,formal,core50_ni,max_p_reconstructed,completed,shared_test_temporal,,8,0.10382571377746153,1.0314036670436209,85.9841943880001,online_loop_v2,formal
20260914T022337Z_formal_max_p_reconstructed_core50_ni_ad05c20b,formal,core50_ni,max_p_reconstructed,completed,shared_test_temporal,,8,0.10134361380414479,1.0068963545571212,86.36479717200064,online_loop_v2,formal
20260914T022510Z_formal_max_p_reconstructed_core50_ni_8d9cd889,formal,core50_ni,max_p_reconstructed,completed,shared_test_temporal,,8,0.10121019745619497,0.995130303299831,86.36843012099962,online_loop_v2,formal
20260914T022642Z_formal_lr_reconstructed_core50_ni_6c8402bb,formal,core50_ni,lr_reconstructed,completed,shared_test_temporal,,8,0.12587554478342078,1.0464066530285512,121.39111087099991,online_loop_v2,formal
20260914T022849Z_formal_lr_reconstructed_core50_ni_c751484f,formal,core50_ni,lr_reconstructed,completed,shared_test_temporal,,8,0.14133516410210795,1.0495514669445114,122.6046532829996,online_loop_v2,formal
20260914T023057Z_formal_lr_reconstructed_core50_ni_fb054ba1,formal,core50_ni,lr_reconstructed,completed,shared_test_temporal,,8,0.13696855821399984,1.0456728631148269,121.68015750500035,online_loop_v2,formal
20260914T023314Z_formal_orion_formula_core50_nc_4130f090,formal,core50_nc,orion_formula,completed,shared_sliced_by_train_classes,,9,0.6202472032976636,0.44547833096904144,112.76513073200022,online_loop_v2,formal
20260914T023513Z_formal_orion_formula_core50_nc_da61f399,formal,core50_nc,orion_formula,completed,shared_sliced_by_train_classes,,9,0.6081253771072334,0.45286020400957017,112.17628473599962,online_loop_v2,formal
20260914T023711Z_formal_orion_formula_core50_nc_a64a8480,formal,core50_nc,orion_formula,completed,shared_sliced_by_train_classes,,9,0.5845557778071404,0.49253297712049815,112.43756103399937,online_loop_v2,formal
20260914T023910Z_formal_max_p_reconstructed_core50_nc_2032e4aa,formal,core50_nc,max_p_reconstructed,completed,shared_sliced_by_train_classes,,9,0.34535087533404096,0.6455358208047595,66.25301466399924,online_loop_v2,formal
20260914T024022Z_formal_max_p_reconstructed_core50_nc_85123e35,formal,core50_nc,max_p_reconstructed,completed,shared_sliced_by_train_classes,,9,0.35840276826005335,0.6333246634852178,66.61344939999981,online_loop_v2,formal
20260914T024134Z_formal_max_p_reconstructed_core50_nc_2f9c1a09,formal,core50_nc,max_p_reconstructed,completed,shared_sliced_by_train_classes,,9,0.3703161926470164,0.6212276166054399,66.23111557100037,online_loop_v2,formal
20260914T024246Z_formal_lr_reconstructed_core50_nc_d7a575b5,formal,core50_nc,lr_reconstructed,completed,shared_sliced_by_train_classes,,9,0.5277828568138114,0.5262151144125078,102.62322132699956,online_loop_v2,formal
20260914T024435Z_formal_lr_reconstructed_core50_nc_c8c1badc,formal,core50_nc,lr_reconstructed,completed,shared_sliced_by_train_classes,,9,0.6013419989386546,0.4676907525604572,103.67193905299973,online_loop_v2,formal
20260914T024625Z_formal_lr_reconstructed_core50_nc_d1a0d2e2,formal,core50_nc,lr_reconstructed,completed,shared_sliced_by_train_classes,,9,0.5507639883450667,0.5342285974934396,103.21593506099998,online_loop_v2,formal
20260914T024847Z_formal_orion_formula_core50_nic_a1289eda,formal,core50_nic,orion_formula,completed,shared_test_temporal,,79,0.10844131425798555,1.0086971494513965,716.9344235419994,online_loop_v2,formal
20260914T030050Z_formal_orion_formula_core50_nic_e118ef01,formal,core50_nic,orion_formula,completed,shared_test_temporal,,79,0.12348893319837827,0.9719264066302223,706.8387201429996,online_loop_v2,formal
20260914T031244Z_formal_orion_formula_core50_nic_b960eeec,formal,core50_nic,orion_formula,completed,shared_test_temporal,,79,0.11849989360468455,0.9933072316221832,706.4159706749997,online_loop_v2,formal
20260914T032436Z_formal_max_p_reconstructed_core50_nic_ecacd038,formal,core50_nic,max_p_reconstructed,completed,shared_test_temporal,,79,0.02137363670446984,1.0048822401174977,659.8926897130004,online_loop_v2,formal
20260914T033543Z_formal_max_p_reconstructed_core50_nic_f9c99b77,formal,core50_nic,max_p_reconstructed,completed,shared_test_temporal,,79,0.02413822609173415,1.0047397012842179,657.5686057349994,online_loop_v2,formal
20260914T034647Z_formal_max_p_reconstructed_core50_nic_25ff5160,formal,core50_nic,max_p_reconstructed,completed,shared_test_temporal,,79,0.02291383555675149,1.0067455077461303,662.100242673001,online_loop_v2,formal
20260914T035755Z_formal_lr_reconstructed_core50_nic_bdce0909,formal,core50_nic,lr_reconstructed,completed,shared_test_temporal,,79,0.05914650691231788,1.0014878203417739,700.8796318650002,online_loop_v2,formal
20260914T040942Z_formal_lr_reconstructed_core50_nic_57fcf2f9,formal,core50_nic,lr_reconstructed,completed,shared_test_temporal,,79,0.06409248173547086,1.0025366210770463,695.367345652001,online_loop_v2,formal
20260914T042124Z_formal_lr_reconstructed_core50_nic_4bc2dd2a,formal,core50_nic,lr_reconstructed,completed,shared_test_temporal,,79,0.06787514481584603,0.9960254471728278,697.3423757440014,online_loop_v2,formal
