config,experiment,dataset,variant,seed,status,run_id,P,S,online_s
configs/light24/core/splitcifar100_er_static_s0.yaml,L_core,splitcifar100,splitcifar100_er_static,0,completed,20260914T125046Z_light24_d17343f0,0.4486,0.5635555555555556,25.667347046997747
configs/light24/core/splitcifar100_orion_batch_replay_s0.yaml,L_core,splitcifar100,splitcifar100_orion_batch_replay,0,completed,20260914T125122Z_light24_02873eff,0.45200000000000007,0.5572222222222222,26.623347984997963
configs/light24/core/splitcifar100_orion_formula_s0.yaml,L_core,splitcifar100,splitcifar100_orion_formula,0,completed,20260914T125154Z_light24_808aaf42,0.44110000000000005,0.5683333333333334,26.501629346996197
configs/light24/core/splitcifar100_er_static_s1.yaml,L_core,splitcifar100,splitcifar100_er_static,1,completed,20260914T125226Z_light24_1fe26c54,0.47040000000000004,0.5389999999999999,25.475803613997414
configs/light24/core/splitcifar100_orion_batch_replay_s1.yaml,L_core,splitcifar100,splitcifar100_orion_batch_replay,1,completed,20260914T125257Z_light24_5cb0e538,0.47189999999999993,0.5313333333333333,26.87834501600446
configs/light24/core/splitcifar100_orion_formula_s1.yaml,L_core,splitcifar100,splitcifar100_orion_formula,1,completed,20260914T125330Z_light24_ab5a0c92,0.4553,0.5604444444444445,26.509826412999246
configs/light24/core/splitcifar100_er_static_s2.yaml,L_core,splitcifar100,splitcifar100_er_static,2,completed,20260914T125402Z_light24_d069cc36,0.4673,0.5513333333333335,25.658595525004785
configs/light24/core/splitcifar100_orion_batch_replay_s2.yaml,L_core,splitcifar100,splitcifar100_orion_batch_replay,2,completed,20260914T125433Z_light24_d726a527,0.47850000000000004,0.5321111111111112,26.4663794099979
configs/light24/core/splitcifar100_orion_formula_s2.yaml,L_core,splitcifar100,splitcifar100_orion_formula,2,completed,20260914T125505Z_light24_e84986cd,0.4734999999999999,0.5490000000000002,26.53773154100054
configs/light24/core/core50_nc_er_static_s0.yaml,L_core,core50_nc,core50_nc_er_static,0,completed,20260914T125537Z_light24_88ac689d,0.6040213070315701,0.4783235241441963,159.73501351600135
configs/light24/core/core50_nc_orion_batch_replay_s0.yaml,L_core,core50_nc,core50_nc_orion_batch_replay,0,completed,20260914T125822Z_light24_a14b6f70,0.603591156256659,0.4724472878197814,120.09874573500565
configs/light24/core/core50_nc_orion_formula_s0.yaml,L_core,core50_nc,core50_nc_orion_formula,0,completed,20260914T130028Z_light24_888e6178,0.6092765718255275,0.4687635166243076,111.23236334200192
configs/light24/core/core50_nc_er_static_s1.yaml,L_core,core50_nc,core50_nc_er_static,1,completed,20260914T130225Z_light24_16237393,0.6069996759464813,0.4782099495130163,110.34408961900044
configs/light24/core/core50_nc_orion_batch_replay_s1.yaml,L_core,core50_nc,core50_nc_orion_batch_replay,1,completed,20260914T130421Z_light24_69174d85,0.6200973184711915,0.4483545351664102,112.28913035299774
configs/light24/core/core50_nc_orion_formula_s1.yaml,L_core,core50_nc,core50_nc_orion_formula,1,completed,20260914T130619Z_light24_dc69e4de,0.6333867158893441,0.43054262822363354,113.9712380580022
configs/light24/core/core50_nc_er_static_s2.yaml,L_core,core50_nc,core50_nc_er_static,2,completed,20260914T130819Z_light24_1b29c520,0.5759269576837084,0.5099129329391449,111.00531868800317
configs/light24/core/core50_nc_orion_batch_replay_s2.yaml,L_core,core50_nc,core50_nc_orion_batch_replay,2,completed,20260914T131016Z_light24_bf4b7491,0.5662423866201143,0.5114750236501903,111.96107628699974
configs/light24/core/core50_nc_orion_formula_s2.yaml,L_core,core50_nc,core50_nc_orion_formula,2,completed,20260914T131213Z_light24_b17e92f8,0.6092073642433096,0.48504784256152433,112.93750036200072
configs/light24/search/splitcifar100_b16_r200.yaml,L_search,splitcifar100,splitcifar100_b16_r200,0,completed,20260914T132054Z_light24_53d444f1,0.43229999999999996,0.5842222222222222,21.429340643000614
configs/light24/search/splitcifar100_b16_r2000.yaml,L_search,splitcifar100,splitcifar100_b16_r2000,0,completed,20260914T132121Z_light24_81cf877b,0.4024,0.7086666666666667,21.640855146994
configs/light24/search/splitcifar100_b64_r200.yaml,L_search,splitcifar100,splitcifar100_b64_r200,0,completed,20260914T132149Z_light24_9d1b174f,0.3266,0.6953333333333334,13.678985678001482
configs/light24/search/splitcifar100_b64_r2000.yaml,L_search,splitcifar100,splitcifar100_b64_r2000,0,completed,20260914T132208Z_light24_6bb0f1c4,0.316,0.7136666666666667,15.46868963399902
configs/light24/search/splitcifar100_b256_r200.yaml,L_search,splitcifar100,splitcifar100_b256_r200,0,completed,20260914T132229Z_light24_b2a39504,0.0402,0.981,13.928205210999295
configs/light24/search/splitcifar100_b256_r2000.yaml,L_search,splitcifar100,splitcifar100_b256_r2000,0,completed,20260914T132248Z_light24_c1da224b,0.0331,0.9857777777777778,14.858986729006574
configs/light24/search/core50_nc_b16_r200.yaml,L_search,core50_nc,core50_nc_b16_r200,0,completed,20260914T132309Z_light24_2eccf6c4,0.647874048236726,0.44895384735850585,79.94676643599814
configs/light24/search/core50_nc_b16_r2000.yaml,L_search,core50_nc,core50_nc_b16_r2000,0,completed,20260914T132434Z_light24_af70ddf0,0.5322407219662143,0.7670194695957648,78.33739976699871
configs/light24/search/core50_nc_b64_r200.yaml,L_search,core50_nc,core50_nc_b64_r200,0,completed,20260914T132557Z_light24_710d8aea,0.5841200737058512,0.48981650912644437,56.169728957996995
configs/light24/search/core50_nc_b64_r2000.yaml,L_search,core50_nc,core50_nc_b64_r2000,0,completed,20260914T132658Z_light24_af60ce28,0.48910892344462886,0.7799517719097435,59.7100478489956
configs/light24/search/core50_nc_b256_r200.yaml,L_search,core50_nc,core50_nc_b256_r200,0,completed,20260914T132802Z_light24_ee14f6e5,0.3487780256464992,0.6885662313820717,51.17286529300327
configs/light24/search/core50_nc_b256_r2000.yaml,L_search,core50_nc,core50_nc_b256_r2000,0,completed,20260914T132858Z_light24_45ccf9e6,0.3276958668766848,0.7240392822890296,53.83704096900328
configs/light24/budget/cifar100_er_static_128mib_s0.yaml,L_budget,splitcifar100,cifar100_er_static_128mib,0,cuda_oom,20260914T134158Z_light24_0922592c,,,
configs/light24/budget/cifar100_orion_formula_128mib_s0.yaml,L_budget,splitcifar100,cifar100_orion_formula_128mib,0,cuda_oom,20260914T134206Z_light24_132b5dc1,,,
configs/light24/budget/cifar100_er_static_256mib_s0.yaml,L_budget,splitcifar100,cifar100_er_static_256mib,0,completed,20260914T134214Z_light24_b11d30ed,0.4806,0.5335555555555556,26.007139610002923
configs/light24/budget/cifar100_orion_formula_256mib_s0.yaml,L_budget,splitcifar100,cifar100_orion_formula_256mib,0,completed,20260914T134246Z_light24_b81d8cd0,0.4624,0.5526666666666666,26.959692037999048
configs/light24/budget/cifar100_er_static_512mib_s0.yaml,L_budget,splitcifar100,cifar100_er_static_512mib,0,completed,20260914T134319Z_light24_71fe52e2,0.45999999999999996,0.5497777777777778,25.441462495997257
configs/light24/budget/cifar100_orion_formula_512mib_s0.yaml,L_budget,splitcifar100,cifar100_orion_formula_512mib,0,completed,20260914T134350Z_light24_1c4b8eea,0.45920000000000005,0.558888888888889,26.528818605998822
configs/light24/budget/cifar100_er_static_128mib_s1.yaml,L_budget,splitcifar100,cifar100_er_static_128mib,1,cuda_oom,20260914T134422Z_light24_bb8d9800,,,
configs/light24/budget/cifar100_orion_formula_128mib_s1.yaml,L_budget,splitcifar100,cifar100_orion_formula_128mib,1,cuda_oom,20260914T134430Z_light24_210bfc3e,,,
configs/light24/budget/cifar100_er_static_256mib_s1.yaml,L_budget,splitcifar100,cifar100_er_static_256mib,1,completed,20260914T134438Z_light24_e30a2929,0.46929999999999994,0.5396666666666667,25.543645156998537
configs/light24/budget/cifar100_orion_formula_256mib_s1.yaml,L_budget,splitcifar100,cifar100_orion_formula_256mib,1,completed,20260914T134510Z_light24_715ec01c,0.4843,0.5265555555555556,27.427843351993943
configs/light24/budget/cifar100_er_static_512mib_s1.yaml,L_budget,splitcifar100,cifar100_er_static_512mib,1,completed,20260914T134543Z_light24_eaab1c11,0.48100000000000004,0.527,26.079834933996608
configs/light24/budget/cifar100_orion_formula_512mib_s1.yaml,L_budget,splitcifar100,cifar100_orion_formula_512mib,1,completed,20260914T134615Z_light24_67a58776,0.46609999999999996,0.5454444444444444,27.067040412002825
configs/light24/budget/cifar100_er_static_128mib_s2.yaml,L_budget,splitcifar100,cifar100_er_static_128mib,2,cuda_oom,20260914T134647Z_light24_898228e4,,,
configs/light24/budget/cifar100_orion_formula_128mib_s2.yaml,L_budget,splitcifar100,cifar100_orion_formula_128mib,2,cuda_oom,20260914T134655Z_light24_ad6fe091,,,
configs/light24/budget/cifar100_er_static_256mib_s2.yaml,L_budget,splitcifar100,cifar100_er_static_256mib,2,completed,20260914T134703Z_light24_2100696b,0.47190000000000004,0.5505555555555556,25.62820596399979
configs/light24/budget/cifar100_orion_formula_256mib_s2.yaml,L_budget,splitcifar100,cifar100_orion_formula_256mib,2,completed,20260914T134734Z_light24_244e9187,0.4728,0.5468888888888889,26.82333952600311
configs/light24/budget/cifar100_er_static_512mib_s2.yaml,L_budget,splitcifar100,cifar100_er_static_512mib,2,completed,20260914T134807Z_light24_e0477c92,0.48630000000000007,0.5343333333333333,25.80265320900071
configs/light24/budget/cifar100_orion_formula_512mib_s2.yaml,L_budget,splitcifar100,cifar100_orion_formula_512mib,2,completed,20260914T134838Z_light24_4f3174c7,0.4673999999999999,0.5492222222222222,27.284400819997245
configs/light24/preference/core50_nc_latency_s0.yaml,L_preference,core50_nc,core50_nc_latency,0,completed,20260914T134911Z_light24_58f9456d,0.6187063508857787,0.4489917617522179,116.00818460500159
configs/light24/preference/core50_nc_ps_s0.yaml,L_preference,core50_nc,core50_nc_ps,0,completed,20260914T135113Z_light24_6381134e,0.6092347408873254,0.4610368434169616,110.11814931700064
configs/light24/preference/core50_nc_latency_s1.yaml,L_preference,core50_nc,core50_nc_latency,1,completed,20260914T135310Z_light24_cff03777,0.6226145167404639,0.4574379877345377,108.23910404599883
configs/light24/preference/core50_nc_ps_s1.yaml,L_preference,core50_nc,core50_nc_ps,1,completed,20260914T135504Z_light24_e393b8f0,0.5953551542642457,0.48263269219276694,110.24051143599354
configs/light24/preference/core50_nc_latency_s2.yaml,L_preference,core50_nc,core50_nc_latency,2,completed,20260914T135659Z_light24_ba5385fe,0.592199074249662,0.4995270707716617,108.48628653600463
configs/light24/preference/core50_nc_ps_s2.yaml,L_preference,core50_nc,core50_nc_ps,2,completed,20260914T135854Z_light24_6d1adec2,0.6309928417291372,0.459386606186027,109.63508934200217
configs/light24/prefetch/core50_nc_off_s0.yaml,L_prefetch,core50_nc,core50_nc_off,0,completed,20260914T140049Z_light24_6c6dd7b2,0.6062514233870816,0.4795712387440123,119.13865810700372
configs/light24/prefetch/core50_nc_on_s0.yaml,L_prefetch,core50_nc,core50_nc_on,0,completed,20260914T140254Z_light24_79271486,0.6062514233870816,0.4795712387440123,171.74657865599875
configs/light24/prefetch/core50_nc_off_s1.yaml,L_prefetch,core50_nc,core50_nc_off,1,completed,20260914T140551Z_light24_84cc10e8,0.6158247604622925,0.45344736018516585,126.22885364799731
configs/light24/prefetch/core50_nc_on_s1.yaml,L_prefetch,core50_nc,core50_nc_on,1,completed,20260914T140803Z_light24_47b296cd,0.6158247604622925,0.45344736018516585,182.39567997500126
configs/light24/prefetch/core50_nc_off_s2.yaml,L_prefetch,core50_nc,core50_nc_off,2,completed,20260914T141112Z_light24_ecca3b0e,0.6205392211705648,0.4656462185896628,131.67796312899736
configs/light24/prefetch/core50_nc_on_s2.yaml,L_prefetch,core50_nc,core50_nc_on,2,completed,20260914T141330Z_light24_bc97511c,0.6205392211705648,0.4656462185896628,170.85856464499375
configs/light24/sensitivity/splitcifar100_thr0.025_s0.yaml,L_sensitivity,splitcifar100,splitcifar100_thr0.025,0,completed,20260914T141627Z_light24_4ea23c88,0.4574,0.5547777777777778,26.352228081996145
configs/light24/sensitivity/splitcifar100_thr0.1_s0.yaml,L_sensitivity,splitcifar100,splitcifar100_thr0.1,0,completed,20260914T141659Z_light24_ac5b26f0,0.46419999999999995,0.5448888888888889,28.64573580599972
configs/light24/sensitivity/splitcifar100_thr0.025_s1.yaml,L_sensitivity,splitcifar100,splitcifar100_thr0.025,1,completed,20260914T141734Z_light24_876493db,0.4883,0.5231111111111111,26.02457397100079
configs/light24/sensitivity/splitcifar100_thr0.1_s1.yaml,L_sensitivity,splitcifar100,splitcifar100_thr0.1,1,completed,20260914T141806Z_light24_0ff94f8d,0.47319999999999995,0.5343333333333333,26.47521523299656
configs/light24/sensitivity/splitcifar100_thr0.025_s2.yaml,L_sensitivity,splitcifar100,splitcifar100_thr0.025,2,completed,20260914T141838Z_light24_6832daad,0.48260000000000003,0.5344444444444444,25.42781926900352
configs/light24/sensitivity/splitcifar100_thr0.1_s2.yaml,L_sensitivity,splitcifar100,splitcifar100_thr0.1,2,completed,20260914T141909Z_light24_87bdbc4e,0.4727,0.5422222222222222,25.83623284799978
configs/light24/sensitivity/core50_nc_thr0.025_s0.yaml,L_sensitivity,core50_nc,core50_nc_thr0.025,0,completed,20260914T141940Z_light24_5e55f301,0.6081698926330119,0.4567365896137887,118.55159683500096
configs/light24/sensitivity/core50_nc_thr0.1_s0.yaml,L_sensitivity,core50_nc,core50_nc_thr0.1,0,completed,20260914T142145Z_light24_923a8136,0.6319417891882894,0.43039641160645414,115.86025670199888
configs/light24/sensitivity/core50_nc_thr0.025_s1.yaml,L_sensitivity,core50_nc,core50_nc_thr0.025,1,completed,20260914T142347Z_light24_02660d03,0.6245735700479316,0.43526545805857664,117.51668861500366
configs/light24/sensitivity/core50_nc_thr0.1_s1.yaml,L_sensitivity,core50_nc,core50_nc_thr0.1,1,completed,20260914T142550Z_light24_eb8395b1,0.6308482481720736,0.4288942920309655,108.44603037300112
configs/light24/sensitivity/core50_nc_thr0.025_s2.yaml,L_sensitivity,core50_nc,core50_nc_thr0.025,2,completed,20260914T142745Z_light24_365de998,0.5847378928691899,0.4944014411996446,108.38275578799949
configs/light24/sensitivity/core50_nc_thr0.1_s2.yaml,L_sensitivity,core50_nc,core50_nc_thr0.1,2,completed,20260914T142938Z_light24_83ef74d5,0.5770982778295317,0.5098402243162012,112.22233473300003
configs/light24/endless/endless_ic_er_static_s0.yaml,L_endless,endless_ic,endless_ic_er_static_s0,0,completed,20260914T143136Z_light24_4cae5bfa,0.9614446079706335,0.8883013003914576,26.497939335997216
configs/light24/endless/endless_ic_orion_formula_s0.yaml,L_endless,endless_ic,endless_ic_orion_formula_s0,0,completed,20260914T143208Z_light24_9f9627b7,0.9925532233684343,0.7912025837305499,16.78104211000027
configs/light24/endless/endless_il_er_static_s0.yaml,L_endless,endless_il,endless_il_er_static_s0,0,completed,20260914T143231Z_light24_d5e9bc63,0.9885748301919518,1.0034348205549883,91.15488980500231
configs/light24/endless/endless_il_orion_formula_s0.yaml,L_endless,endless_il,endless_il_orion_formula_s0,0,completed,20260914T143410Z_light24_0d0e3d60,0.9916535769662836,0.9957089778943418,86.96747289099585
configs/light24/endless/endless_wc_er_static_s0.yaml,L_endless,endless_wc,endless_wc_er_static_s0,0,completed,20260914T143545Z_light24_b1cc561d,0.9830635799354855,0.9897945261723637,102.64231023199682
configs/light24/endless/endless_wc_orion_formula_s0.yaml,L_endless,endless_wc,endless_wc_orion_formula_s0,0,completed,20260914T143735Z_light24_0aca7541,0.9751749872901894,0.9959537328176744,95.15597624400107
configs/light24/endless/endless_ic_er_static_s1.yaml,L_endless,endless_ic,endless_ic_er_static_s1,1,completed,20260914T143919Z_light24_52675fd9,0.9285418873379289,0.8191104490888005,23.019155377995048
configs/light24/endless/endless_ic_orion_formula_s1.yaml,L_endless,endless_ic,endless_ic_orion_formula_s1,1,completed,20260914T143948Z_light24_207c6986,0.9779116465863453,0.9184051922950299,19.85098281200044
configs/light24/endless/endless_il_er_static_s1.yaml,L_endless,endless_il,endless_il_er_static_s1,1,completed,20260914T144013Z_light24_95276843,0.9876768914871155,0.9915279731242423,89.02788569100085
configs/light24/endless/endless_il_orion_formula_s1.yaml,L_endless,endless_il,endless_il_orion_formula_s1,1,completed,20260914T144148Z_light24_cf6d9622,0.9896146629592562,1.0041750300172245,86.90621105000173
configs/light24/endless/endless_wc_er_static_s1.yaml,L_endless,endless_wc,endless_wc_er_static_s1,1,completed,20260914T144323Z_light24_c126a852,0.9801153958078587,0.9975447467651937,94.2940101130007
configs/light24/endless/endless_wc_orion_formula_s1.yaml,L_endless,endless_wc,endless_wc_orion_formula_s1,1,completed,20260914T144506Z_light24_700e06b0,0.9830476686328957,1.00129694676799,92.18328011499398
configs/light24/endless/endless_ic_er_static_s2.yaml,L_endless,endless_ic,endless_ic_er_static_s2,2,completed,20260914T144647Z_light24_55eeaeb5,0.9998070987654322,0.7595432850603852,24.364133701994433
configs/light24/endless/endless_ic_orion_formula_s2.yaml,L_endless,endless_ic,endless_ic_orion_formula_s2,2,completed,20260914T144717Z_light24_76c5a728,0.9737654320987654,0.7969247144106198,16.880510616996617
configs/light24/endless/endless_il_er_static_s2.yaml,L_endless,endless_il,endless_il_er_static_s2,2,completed,20260914T144739Z_light24_75b1b87c,0.9777482811753646,1.0174413948735466,89.80862340800377
configs/light24/endless/endless_il_orion_formula_s2.yaml,L_endless,endless_il,endless_il_orion_formula_s2,2,completed,20260914T144916Z_light24_fd0e58c6,0.9890539563214492,1.001529670984049,85.70742733600491
configs/light24/endless/endless_wc_er_static_s2.yaml,L_endless,endless_wc,endless_wc_er_static_s2,2,completed,20260914T145050Z_light24_76fd2bf7,0.9761768250231352,0.9909699401839333,95.19042542600073
configs/light24/endless/endless_wc_orion_formula_s2.yaml,L_endless,endless_wc,endless_wc_orion_formula_s2,2,completed,20260914T145233Z_light24_afbc1169,0.8905676061256551,1.107057440831926,86.76818752899999
configs/light24/selected/splitcifar100_s0.yaml,L_selected,splitcifar100,splitcifar100,0,completed,20260914T133410Z_light24_d81149fb,0.41690000000000005,0.7236666666666667,25.9439490520017
configs/light24/selected/splitcifar100_s1.yaml,L_selected,splitcifar100,splitcifar100,1,completed,20260914T133442Z_light24_043611d0,0.4051,0.6892222222222222,25.843445582999266
configs/light24/selected/splitcifar100_s2.yaml,L_selected,splitcifar100,splitcifar100,2,completed,20260914T133513Z_light24_ce839283,0.4448,0.6694444444444445,25.72868644099799
configs/light24/selected/core50_nc_s0.yaml,L_selected,core50_nc,core50_nc,0,completed,20260914T133544Z_light24_9475fce8,0.5228619773401127,0.7508159789035557,113.95032664099563
configs/light24/selected/core50_nc_s1.yaml,L_selected,core50_nc,core50_nc,1,completed,20260914T133744Z_light24_1a54471b,0.5233437273416329,0.7116184103302701,111.86142932700022
configs/light24/selected/core50_nc_s2.yaml,L_selected,core50_nc,core50_nc,2,completed,20260914T133942Z_light24_e0a33448,0.4916199075653432,0.7704747684274108,111.77745035100088
