experiment,variant,dataset,seed,status,run_id,P,S,online_s,learning_s_sum,evaluation_s_sum,controller_s_sum,reconfigure_s_sum,prefetch_wait_sum,prefetch_batches_sum,replay_visits_sum,new_visits_sum,memory_mib_peak,proc_rss_peak_mib,gpu_alloc_peak_mib,gpu_global_peak_mib,swap_used_peak_mib,urge_max,urge_mean,applied_batch_min,applied_batch_max,applied_replay_min,applied_replay_max,n_mode_switches,guard_nonok
L_core,splitcifar100_er_static,splitcifar100,0,completed,20260914T125046Z_light24_d17343f0,0.4486,0.5635555555555556,25.667347046997747,21.07706624601269,4.13740933900408,,,0.0,3130.0,43344.0,50000.0,129.30908203125,2102.3125,129.30908203125,1372.5625,58.9140625,,,,,,,,
L_core,splitcifar100_orion_batch_replay,splitcifar100,0,completed,20260914T125122Z_light24_02873eff,0.452,0.5572222222222222,26.623347984997963,21.952141800997197,4.226233511006285,0.0009503949986537918,0.004900577005173545,0.0,3319.0,43267.0,50000.0,125.20703125,2110.37109375,125.20703125,1372.5625,58.9140625,0.00024961167482362293,0.0002347180264063778,15.0,15.0,182.0,198.0,0.0,0.0
L_core,splitcifar100_orion_formula,splitcifar100,0,completed,20260914T125154Z_light24_808aaf42,0.4411,0.5683333333333334,26.5016293469962,21.85777438000514,4.210177173001284,0.0004945709806634113,0.0037214039839454927,0.0,3319.0,43267.0,50000.0,125.20703125,2109.13671875,125.20703125,1372.5625,59.96875,0.00024909106091732094,0.00023461044899626736,15.0,15.0,182.0,198.0,0.0,0.0
L_core,splitcifar100_er_static,splitcifar100,1,completed,20260914T125226Z_light24_1fe26c54,0.4704,0.5389999999999999,25.47580361399741,20.874644083007297,4.176266280002892,,,0.0,3130.0,43344.0,50000.0,129.30908203125,2106.71875,129.30908203125,1372.5625,59.96875,,,,,,,,
L_core,splitcifar100_orion_batch_replay,splitcifar100,1,completed,20260914T125257Z_light24_5cb0e538,0.4718999999999999,0.5313333333333333,26.87834501600446,22.2637688360046,4.17919296099717,0.00047376098518725485,0.004469527018954977,0.0,3319.0,43267.0,50000.0,125.20703125,2109.77734375,125.20703125,1372.5625,59.96875,0.0002501164543202236,0.00023694354784325816,15.0,15.0,182.0,198.0,0.0,0.0
L_core,splitcifar100_orion_formula,splitcifar100,1,completed,20260914T125330Z_light24_ab5a0c92,0.4553,0.5604444444444445,26.50982641299925,21.903226189991983,4.168867720996786,0.00046192599984351546,0.0038124580023577437,0.0,3319.0,43267.0,50000.0,125.20703125,2108.96484375,125.20703125,1372.5625,59.96875,0.00024771271010100933,0.00023528014414229555,15.0,15.0,182.0,198.0,0.0,0.0
L_core,splitcifar100_er_static,splitcifar100,2,completed,20260914T125402Z_light24_d069cc36,0.4673,0.5513333333333335,25.658595525004785,21.003040500007046,4.228607656004897,,,0.0,3130.0,43344.0,50000.0,129.30908203125,2105.35546875,129.30908203125,1372.5625,59.96875,,,,,,,,
L_core,splitcifar100_orion_batch_replay,splitcifar100,2,completed,20260914T125433Z_light24_d726a527,0.4785,0.5321111111111112,26.4663794099979,21.789249873007066,4.2386121040035505,0.0005447860094136558,0.0037333770014811307,0.0,3319.0,43267.0,50000.0,125.20703125,2108.72265625,125.20703125,1372.5625,59.96875,0.0002475441259726858,0.0002345648060237821,15.0,15.0,182.0,198.0,0.0,0.0
L_core,splitcifar100_orion_formula,splitcifar100,2,completed,20260914T125505Z_light24_e84986cd,0.4734999999999999,0.5490000000000002,26.53773154100054,21.93262018400128,4.17181771799369,0.0005027250008424744,0.003982940987043548,0.0,3319.0,43267.0,50000.0,125.20703125,2110.38671875,125.20703125,1372.5625,59.96875,0.00024645978097786623,0.00023612016926545743,15.0,15.0,182.0,198.0,0.0,0.0
L_core,core50_nc_er_static,core50_nc,0,completed,20260914T125537Z_light24_88ac689d,0.6040213070315701,0.4783235241441963,159.73501351600137,101.31689621700934,57.997105819988064,,,0.0,7498.0,92336.0,119894.0,129.27880859375,1976.27734375,129.27880859375,1372.5625,61.98828125,,,,,,,,
L_core,core50_nc_orion_batch_replay,core50_nc,0,completed,20260914T125822Z_light24_a14b6f70,0.603591156256659,0.4724472878197814,120.09874573500564,75.20843125799729,44.45426640799997,0.0006075350029277615,0.007145243005652446,0.0,7898.0,92368.0,119894.0,125.1767578125,1976.8984375,125.1767578125,1372.5625,84.5,0.006134643666215681,0.0015400759947704987,15.0,15.0,185.0,198.0,0.0,0.0
L_core,core50_nc_orion_formula,core50_nc,0,completed,20260914T130028Z_light24_888e6178,0.6092765718255275,0.4687635166243076,111.23236334200192,67.0505087959973,43.749632301980455,0.000432632994488813,0.0052269949883338995,0.0,7898.0,92307.0,119894.0,125.1767578125,1979.41015625,125.1767578125,1372.5625,88.55078125,0.0017970306344206322,0.0009133133656355665,15.0,15.0,184.0,198.0,0.0,0.0
L_core,core50_nc_er_static,core50_nc,1,completed,20260914T130225Z_light24_16237393,0.6069996759464813,0.4782099495130163,110.34408961900044,65.87027606600896,44.05103491099726,,,0.0,7498.0,92336.0,119894.0,129.27880859375,1975.7109375,129.27880859375,1372.5625,88.55078125,,,,,,,,
L_core,core50_nc_orion_batch_replay,core50_nc,1,completed,20260914T130421Z_light24_69174d85,0.6200973184711915,0.4483545351664102,112.28913035299774,67.61710025598586,44.241309821023606,0.00043637200724333525,0.005290125991450623,0.0,7898.0,92307.0,119894.0,125.1767578125,1981.66015625,125.1767578125,1372.5625,90.0078125,0.0017165288092143554,0.0009197631291349999,15.0,15.0,184.0,198.0,0.0,0.0
L_core,core50_nc_orion_formula,core50_nc,1,completed,20260914T130619Z_light24_dc69e4de,0.6333867158893441,0.4305426282236335,113.9712380580022,68.85294243401586,44.681742174005194,0.000697757990565151,0.005284796992782503,0.0,7898.0,92307.0,119894.0,125.1767578125,1978.30078125,125.1767578125,1372.5625,90.0078125,0.00195811047362995,0.0009679704697237607,15.0,15.0,184.0,198.0,0.0,0.0
L_core,core50_nc_er_static,core50_nc,2,completed,20260914T130819Z_light24_1b29c520,0.5759269576837084,0.5099129329391449,111.00531868800316,66.33631344700552,44.24290041998756,,,0.0,7498.0,92336.0,119894.0,129.27880859375,1977.234375,129.27880859375,1372.5625,90.0078125,,,,,,,,
L_core,core50_nc_orion_batch_replay,core50_nc,2,completed,20260914T131016Z_light24_bf4b7491,0.5662423866201143,0.5114750236501903,111.96107628699974,67.51819855598296,44.01985633499862,0.0005213819968048483,0.004974015995685477,0.0,7898.0,92307.0,119894.0,125.1767578125,1976.15234375,125.1767578125,1372.5625,90.0078125,0.001847828280441545,0.000927798045491126,15.0,15.0,184.0,198.0,0.0,0.0
L_core,core50_nc_orion_formula,core50_nc,2,completed,20260914T131213Z_light24_b17e92f8,0.6092073642433096,0.4850478425615243,112.93750036200072,67.80130965098942,44.69224678699538,0.0004725090111605823,0.005125700008647982,0.0,7898.0,92307.0,119894.0,125.1767578125,1979.9296875,125.1767578125,1372.5625,90.0078125,0.0018328886552211063,0.0009321400891666455,15.0,15.0,184.0,198.0,0.0,0.0
L_search,splitcifar100_b16_r200,splitcifar100,0,completed,20260914T132054Z_light24_53d444f1,0.4322999999999999,0.5842222222222222,21.42934064300061,16.82796629299264,4.163826656978927,,,0.0,2500.0,34632.0,40000.0,129.30908203125,2067.28515625,129.30908203125,1372.5625,90.0078125,,,,,,,,
L_search,splitcifar100_b16_r2000,splitcifar100,0,completed,20260914T132121Z_light24_81cf877b,0.4024,0.7086666666666667,21.640855146994,17.02856700499251,4.1836165159984375,,,0.0,2500.0,36000.0,40000.0,129.30908203125,2070.859375,129.30908203125,1372.5625,90.0078125,,,,,,,,
L_search,splitcifar100_b64_r200,splitcifar100,0,completed,20260914T132149Z_light24_9d1b174f,0.3266,0.6953333333333334,13.678985678001482,9.19535566301056,4.0536445599937,,,0.0,630.0,28728.0,40000.0,260.0390625,2065.16796875,260.0390625,1524.5625,90.0078125,,,,,,,,
L_search,splitcifar100_b64_r2000,splitcifar100,0,completed,20260914T132208Z_light24_6bb0f1c4,0.316,0.7136666666666667,15.46868963399902,10.779712049981754,4.263775493011053,,,0.0,630.0,35856.0,40000.0,260.0390625,2063.4296875,260.0390625,1524.5625,90.0078125,,,,,,,,
L_search,splitcifar100_b256_r200,splitcifar100,0,completed,20260914T132229Z_light24_b2a39504,0.0402,0.981,13.928205210999296,9.488792218995513,4.0087478420027765,,,0.0,160.0,28800.0,40000.0,767.79052734375,2105.80078125,767.79052734375,2244.5625,93.01171875,,,,,,,,
L_search,splitcifar100_b256_r2000,splitcifar100,0,completed,20260914T132248Z_light24_c1da224b,0.0331,0.9857777777777778,14.858986729006574,10.33724994500517,4.078801868003211,,,0.0,160.0,36000.0,40000.0,853.2177734375,2114.96484375,853.2177734375,2286.5625,93.01171875,,,,,,,,
L_search,core50_nc_b16_r200,core50_nc,0,completed,20260914T132309Z_light24_2eccf6c4,0.647874048236726,0.4489538473585058,79.94676643599814,54.922679795003205,24.62077249500726,,,0.0,5999.0,73592.0,95918.0,129.27880859375,1944.89453125,129.27880859375,1372.5625,93.01171875,,,,,,,,
L_search,core50_nc_b16_r2000,core50_nc,0,completed,20260914T132434Z_light24_af70ddf0,0.5322407219662143,0.7670194695957648,78.33739976699871,53.99883715098986,23.897437418992922,,,0.0,5999.0,76496.0,95918.0,129.27880859375,1947.48046875,129.27880859375,1372.5625,93.01171875,,,,,,,,
L_search,core50_nc_b64_r200,core50_nc,0,completed,20260914T132557Z_light24_710d8aea,0.5841200737058512,0.4898165091264443,56.169728957997,31.923081599023135,23.844113999999536,,,0.0,1503.0,60096.0,95918.0,259.990234375,1943.96875,259.990234375,1528.5625,93.01171875,,,,,,,,
L_search,core50_nc_b64_r2000,core50_nc,0,completed,20260914T132658Z_light24_af60ce28,0.4891089234446288,0.7799517719097435,59.7100478489956,35.1831480549954,24.07743636201485,,,0.0,1503.0,75088.0,95918.0,259.990234375,1947.0625,259.990234375,1524.5625,93.01171875,,,,,,,,
L_search,core50_nc_b256_r200,core50_nc,0,completed,20260914T132802Z_light24_ee14f6e5,0.3487780256464992,0.6885662313820717,51.17286529300327,26.941335922994767,23.82325090100494,,,0.0,378.0,60200.0,95918.0,767.6669921875,1979.296875,767.6669921875,2264.5625,93.01171875,,,,,,,,
L_search,core50_nc_b256_r2000,core50_nc,0,completed,20260914T132858Z_light24_45ccf9e6,0.3276958668766848,0.7240392822890296,53.83704096900328,29.381772076012567,24.013111918000504,,,0.0,378.0,75424.0,95918.0,853.08349609375,1998.89453125,853.08349609375,2306.5625,93.01171875,,,,,,,,
L_budget,cifar100_er_static_128mib,splitcifar100,0,cuda_oom,20260914T134158Z_light24_0922592c,,,,,,,,,,,,,2043.09765625,101.74072265625,1310.5625,93.01171875,,,,,,,,
L_budget,cifar100_orion_formula_128mib,splitcifar100,0,cuda_oom,20260914T134206Z_light24_132b5dc1,,,,,,,,,,,,,2043.21875,101.74072265625,1310.5625,93.01171875,,,,,,,,
L_budget,cifar100_er_static_256mib,splitcifar100,0,completed,20260914T134214Z_light24_b11d30ed,0.4806,0.5335555555555556,26.007139610002923,21.327896413989947,4.237905124980898,,,0.0,3130.0,43344.0,50000.0,129.30908203125,2106.453125,129.30908203125,1372.5625,93.01171875,,,,,,,,
L_budget,cifar100_orion_formula_256mib,splitcifar100,0,completed,20260914T134246Z_light24_b81d8cd0,0.4624,0.5526666666666666,26.959692037999048,22.284668229993258,4.237233017986,0.0004633589996956289,0.0037155530153540894,0.0,3319.0,43267.0,50000.0,125.20703125,2109.58984375,125.20703125,1372.5625,93.01171875,0.0002449716512553923,0.00023701150215427278,15.0,15.0,182.0,198.0,0.0,0.0
L_budget,cifar100_er_static_512mib,splitcifar100,0,completed,20260914T134319Z_light24_71fe52e2,0.4599999999999999,0.5497777777777778,25.441462495997257,20.843670352995105,4.153542305000883,,,0.0,3130.0,43344.0,50000.0,129.30908203125,2107.0390625,129.30908203125,1372.5625,93.01171875,,,,,,,,
L_budget,cifar100_orion_formula_512mib,splitcifar100,0,completed,20260914T134350Z_light24_1c4b8eea,0.4592,0.558888888888889,26.528818605998826,21.897994253020443,4.192443767999066,0.0005358689959393814,0.003697028005262837,0.0,3319.0,43267.0,50000.0,125.20703125,2110.4609375,125.20703125,1372.5625,93.32421875,0.0002503838853690578,0.00023525112677342942,15.0,15.0,182.0,198.0,0.0,0.0
L_budget,cifar100_er_static_128mib,splitcifar100,1,cuda_oom,20260914T134422Z_light24_bb8d9800,,,,,,,,,,,,,2048.3671875,101.74072265625,1310.5625,93.32421875,,,,,,,,
L_budget,cifar100_orion_formula_128mib,splitcifar100,1,cuda_oom,20260914T134430Z_light24_210bfc3e,,,,,,,,,,,,,2048.109375,101.74072265625,1310.5625,93.32421875,,,,,,,,
L_budget,cifar100_er_static_256mib,splitcifar100,1,completed,20260914T134438Z_light24_e30a2929,0.4692999999999999,0.5396666666666667,25.543645156998537,20.939475818013307,4.169217985006981,,,0.0,3130.0,43344.0,50000.0,129.30908203125,2106.859375,129.30908203125,1372.5625,93.32421875,,,,,,,,
L_budget,cifar100_orion_formula_256mib,splitcifar100,1,completed,20260914T134510Z_light24_715ec01c,0.4843,0.5265555555555556,27.427843351993943,22.52106010299758,4.460161021990643,0.0005085159937152639,0.004345118002675008,0.0,3319.0,43267.0,50000.0,125.20703125,2111.04296875,125.20703125,1372.5625,93.34375,0.00025139916256414647,0.00023866227735291207,15.0,15.0,182.0,198.0,0.0,0.0
L_budget,cifar100_er_static_512mib,splitcifar100,1,completed,20260914T134543Z_light24_eaab1c11,0.481,0.527,26.079834933996608,21.38453350000782,4.256936609002878,,,0.0,3130.0,43344.0,50000.0,129.30908203125,2105.5078125,129.30908203125,1372.5625,93.34375,,,,,,,,
L_budget,cifar100_orion_formula_512mib,splitcifar100,1,completed,20260914T134615Z_light24_67a58776,0.4660999999999999,0.5454444444444444,27.067040412002825,22.300290553001105,4.325218916994345,0.00048814799811225384,0.004260958994564135,0.0,3319.0,43267.0,50000.0,125.20703125,2110.97265625,125.20703125,1372.5625,93.34375,0.0002516050685243074,0.00023845215667518997,15.0,15.0,182.0,198.0,0.0,0.0
L_budget,cifar100_er_static_128mib,splitcifar100,2,cuda_oom,20260914T134647Z_light24_898228e4,,,,,,,,,,,,,2043.44140625,101.74072265625,1310.5625,93.34375,,,,,,,,
L_budget,cifar100_orion_formula_128mib,splitcifar100,2,cuda_oom,20260914T134655Z_light24_ad6fe091,,,,,,,,,,,,,2043.421875,101.74072265625,1310.5625,93.34375,,,,,,,,
L_budget,cifar100_er_static_256mib,splitcifar100,2,completed,20260914T134703Z_light24_2100696b,0.4719,0.5505555555555556,25.62820596399979,20.986506955996447,4.2049738749992684,,,0.0,3130.0,43344.0,50000.0,129.30908203125,2108.1875,129.30908203125,1372.5625,93.34375,,,,,,,,
L_budget,cifar100_orion_formula_256mib,splitcifar100,2,completed,20260914T134734Z_light24_244e9187,0.4728,0.5468888888888889,26.82333952600311,22.197828818993003,4.17848573197989,0.000485302007291466,0.005374385989853181,0.0,3319.0,43267.0,50000.0,125.20703125,2109.7109375,125.20703125,1372.5625,99.75390625,0.0002605749975094477,0.00023811674876440366,15.0,15.0,182.0,198.0,0.0,0.0
L_budget,cifar100_er_static_512mib,splitcifar100,2,completed,20260914T134807Z_light24_e0477c92,0.4863,0.5343333333333333,25.80265320900071,21.09820310899522,4.259756230996572,,,0.0,3130.0,43344.0,50000.0,129.30908203125,2108.13671875,129.30908203125,1372.5625,99.75390625,,,,,,,,
L_budget,cifar100_orion_formula_512mib,splitcifar100,2,completed,20260914T134838Z_light24_4f3174c7,0.4673999999999999,0.5492222222222222,27.284400819997245,22.552124669979094,4.286506940006802,0.0004823769922950305,0.0037638750072801486,0.0,3319.0,43267.0,50000.0,125.20703125,2108.94921875,125.20703125,1372.5625,115.1796875,0.000250710073349742,0.00023952102067471088,15.0,15.0,182.0,198.0,0.0,0.0
L_preference,core50_nc_latency,core50_nc,0,completed,20260914T134911Z_light24_58f9456d,0.6187063508857787,0.4489917617522179,116.0081846050016,69.38931794998643,46.17796293499123,0.0005941299968981184,0.005661008995957673,0.0,7898.0,92307.0,119894.0,125.1767578125,1976.3671875,125.1767578125,1372.5625,115.1796875,0.000124042875431687,3.9772926894174205e-05,15.0,15.0,184.0,198.0,0.0,0.0
L_preference,core50_nc_ps,core50_nc,0,completed,20260914T135113Z_light24_6381134e,0.6092347408873254,0.4610368434169616,110.11814931700064,66.54653957600385,43.13689180400979,0.0004992789981770329,0.004671599999710452,0.0,7898.0,93266.0,119894.0,125.1767578125,1978.93359375,125.1767578125,1372.5625,115.1484375,0.029295760196982722,0.02292220379474455,15.0,15.0,191.0,199.0,0.0,0.0
L_preference,core50_nc_latency,core50_nc,1,completed,20260914T135310Z_light24_cff03777,0.6226145167404639,0.4574379877345377,108.23910404599884,64.65683391500352,43.1524236169862,0.0004774270055349916,0.005088603000331204,0.0,7898.0,92307.0,119894.0,125.1767578125,1980.0078125,125.1767578125,1372.5625,115.1171875,7.5559849978392e-05,3.00933033812885e-05,15.0,15.0,184.0,198.0,0.0,0.0
L_preference,core50_nc_ps,core50_nc,1,completed,20260914T135504Z_light24_e393b8f0,0.5953551542642457,0.4826326921927669,110.24051143599354,66.6212999190102,43.18216032700002,0.0008620589869678952,0.00486396601627348,0.0,7898.0,93266.0,119894.0,125.1767578125,1977.99609375,125.1767578125,1372.5625,115.1015625,0.02995855914029548,0.02294339296107763,15.0,15.0,191.0,199.0,0.0,0.0
L_preference,core50_nc_latency,core50_nc,2,completed,20260914T135659Z_light24_ba5385fe,0.592199074249662,0.4995270707716617,108.48628653600464,65.11534479299735,42.93864008699893,0.0004298249987186864,0.005060207986389287,0.0,7898.0,92307.0,119894.0,125.1767578125,1982.01953125,125.1767578125,1372.5625,115.1015625,8.140112111748714e-05,3.105597469855317e-05,15.0,15.0,184.0,198.0,0.0,0.0
L_preference,core50_nc_ps,core50_nc,2,completed,20260914T135854Z_light24_6d1adec2,0.6309928417291372,0.459386606186027,109.63508934200216,65.62042942400149,43.579607156003476,0.00044966398854739964,0.004913801014481578,0.0,7898.0,93209.0,119894.0,125.1767578125,1978.98828125,125.1767578125,1372.5625,115.09375,0.027455422042478524,0.022588741337750504,15.0,15.0,191.0,199.0,0.0,0.0
L_prefetch,core50_nc_off,core50_nc,0,completed,20260914T140049Z_light24_6c6dd7b2,0.6062514233870816,0.4795712387440123,119.13865810700372,73.73864251500345,44.96440208599233,,,0.0,7498.0,92336.0,119894.0,129.27880859375,1988.09375,129.27880859375,1420.5625,115.06640625,,,,,,,,
L_prefetch,core50_nc_on,core50_nc,0,completed,20260914T140254Z_light24_79271486,0.6062514233870816,0.4795712387440123,171.74657865599875,126.38251499798935,44.91922109200095,,,0.24594475529011048,7498.0,92336.0,119894.0,129.27880859375,1996.3046875,129.27880859375,1420.5625,115.04296875,,,,,,,,
L_prefetch,core50_nc_off,core50_nc,1,completed,20260914T140551Z_light24_84cc10e8,0.6158247604622925,0.4534473601851658,126.22885364799733,80.07488670900784,45.709179523000785,,,0.0,7498.0,92336.0,119894.0,129.27880859375,1989.51953125,129.27880859375,1420.5625,115.015625,,,,,,,,
L_prefetch,core50_nc_on,core50_nc,1,completed,20260914T140803Z_light24_47b296cd,0.6158247604622925,0.4534473601851658,182.3956799750013,135.43377234700893,46.51647114300431,,,0.3804847376159156,7498.0,92336.0,119894.0,129.27880859375,1992.99609375,129.27880859375,1420.5625,114.984375,,,,,,,,
L_prefetch,core50_nc_off,core50_nc,2,completed,20260914T141112Z_light24_ecca3b0e,0.6205392211705648,0.4656462185896628,131.67796312899736,84.6370618479923,46.57607444298628,,,0.0,7498.0,92336.0,119894.0,129.27880859375,1987.62109375,129.27880859375,1420.5625,114.953125,,,,,,,,
L_prefetch,core50_nc_on,core50_nc,2,completed,20260914T141330Z_light24_bc97511c,0.6205392211705648,0.4656462185896628,170.85856464499375,125.61351500899764,44.80822743399767,,,0.2411746501165905,7498.0,92336.0,119894.0,129.27880859375,1996.05078125,129.27880859375,1420.5625,114.953125,,,,,,,,
L_sensitivity,splitcifar100_thr0.025,splitcifar100,0,completed,20260914T141627Z_light24_4ea23c88,0.4574,0.5547777777777778,26.352228081996145,21.726672205986688,4.176802802001475,0.000512963997607585,0.003183020991855301,0.0,3319.0,43690.0,50000.0,125.20703125,2108.35546875,125.20703125,1372.5625,114.953125,0.00024282056851014712,0.0002341622565361854,15.0,15.0,191.0,199.0,0.0,0.0
L_sensitivity,splitcifar100_thr0.1,splitcifar100,0,completed,20260914T141659Z_light24_ac5b26f0,0.4641999999999999,0.5448888888888889,28.64573580599972,23.911322804997326,4.267249235970667,0.0004943300082231872,0.00434915600635577,0.0,3391.0,43543.0,50000.0,125.20703125,2110.078125,125.20703125,1372.5625,114.953125,0.00026611012588607035,0.0002482913654577799,14.0,15.0,166.0,196.0,0.0,0.0
L_sensitivity,splitcifar100_thr0.025,splitcifar100,1,completed,20260914T141734Z_light24_876493db,0.4883,0.5231111111111111,26.02457397100079,21.45896143597929,4.112553097002092,0.0005495639852597378,0.0033065269963117316,0.0,3319.0,43690.0,50000.0,125.20703125,2109.25390625,125.20703125,1372.5625,114.953125,0.0002459141536498485,0.0002322418009989982,15.0,15.0,191.0,199.0,0.0,0.0
L_sensitivity,splitcifar100_thr0.1,splitcifar100,1,completed,20260914T141806Z_light24_0ff94f8d,0.4731999999999999,0.5343333333333333,26.47521523299656,21.66567112400662,4.356141141994158,0.0004995190029148944,0.004581389992381446,0.0,3391.0,43543.0,50000.0,125.20703125,2108.9765625,125.20703125,1372.5625,114.953125,0.00024756617333963015,0.0002326770758549201,14.0,15.0,166.0,196.0,0.0,0.0
L_sensitivity,splitcifar100_thr0.025,splitcifar100,2,completed,20260914T141838Z_light24_6832daad,0.4826,0.5344444444444444,25.42781926900352,20.914612676016986,4.067439914972056,0.0004680399943026714,0.0033249010011786595,0.0,3319.0,43690.0,50000.0,125.20703125,2109.33984375,125.20703125,1372.5625,114.953125,0.00024176785662246748,0.00022925528906333478,15.0,15.0,191.0,199.0,0.0,0.0
L_sensitivity,splitcifar100_thr0.1,splitcifar100,2,completed,20260914T141909Z_light24_87bdbc4e,0.4727,0.5422222222222222,25.83623284799978,21.293351885993616,4.0895738049875945,0.0004913130032946356,0.004357180012448225,0.0,3391.0,43543.0,50000.0,125.20703125,2109.28515625,125.20703125,1372.5625,118.86328125,0.00024253980586716958,0.00023079491158154624,14.0,15.0,166.0,196.0,0.0,0.0
L_sensitivity,core50_nc_thr0.025,core50_nc,0,completed,20260914T141940Z_light24_5e55f301,0.6081698926330119,0.4567365896137887,118.55159683500096,72.52690245799022,45.579410086007556,0.0006489930019597523,0.004976287993486039,0.0,7898.0,92769.0,119894.0,125.1767578125,1978.484375,125.1767578125,1372.5625,118.86328125,0.0022746203226753307,0.0010838261836867461,15.0,15.0,192.0,199.0,0.0,0.0
L_sensitivity,core50_nc_thr0.1,core50_nc,0,completed,20260914T142145Z_light24_923a8136,0.6319417891882894,0.4303964116064541,115.86025670199888,69.72378605100675,45.69003339900519,0.0004963230021530762,0.005909662999329157,0.0,8012.0,92339.0,119894.0,125.1767578125,1976.4453125,125.1767578125,1372.5625,118.86328125,0.0018463507764428352,0.0009785881215743054,14.0,15.0,170.0,196.0,0.0,0.0
L_sensitivity,core50_nc_thr0.025,core50_nc,1,completed,20260914T142347Z_light24_02660d03,0.6245735700479316,0.4352654580585766,117.51668861500366,71.77576576600404,45.29000483701384,0.0004926659967168234,0.005056812988186721,0.0,7898.0,92769.0,119894.0,125.1767578125,1978.84765625,125.1767578125,1372.5625,118.86328125,0.0020395318457869494,0.0010464164952789627,15.0,15.0,192.0,199.0,0.0,0.0
L_sensitivity,core50_nc_thr0.1,core50_nc,1,completed,20260914T142550Z_light24_eb8395b1,0.6308482481720736,0.4288942920309655,108.44603037300112,64.91287306599406,43.10423133800214,0.00047921099758241326,0.0055715330090606585,0.0,8012.0,92339.0,119894.0,125.1767578125,1977.08984375,125.1767578125,1372.5625,118.86328125,0.0015690963613894488,0.0008477663914788077,14.0,15.0,170.0,196.0,0.0,0.0
L_sensitivity,core50_nc_thr0.025,core50_nc,2,completed,20260914T142745Z_light24_365de998,0.5847378928691899,0.4944014411996446,108.38275578799949,64.58806092801387,43.361735264988965,0.00045242998749017715,0.004661812003178056,0.0,7898.0,92769.0,119894.0,125.1767578125,1975.41015625,125.1767578125,1372.5625,118.86328125,0.00153199727710987,0.0008394430842479192,15.0,15.0,192.0,199.0,0.0,0.0
L_sensitivity,core50_nc_thr0.1,core50_nc,2,completed,20260914T142938Z_light24_83ef74d5,0.5770982778295317,0.5098402243162012,112.22233473300004,67.71358787699864,44.06103702200926,0.0005005110069760121,0.005525933003809769,0.0,8012.0,92339.0,119894.0,125.1767578125,1974.07421875,125.1767578125,1372.5625,118.86328125,0.0015097082008659233,0.000905623657298703,14.0,15.0,170.0,196.0,0.0,0.0
L_endless,endless_ic_er_static_s0,endless_ic,0,completed,20260914T143136Z_light24_4cae5bfa,0.9614446079706336,0.8883013003914576,26.497939335997216,20.64441971598717,5.6758504930039635,,,0.0,1195.0,9576.0,19092.0,129.251953125,1929.6875,129.251953125,1372.5625,152.328125,,,,,,,,
L_endless,endless_ic_orion_formula_s0,endless_ic,0,completed,20260914T143208Z_light24_9f9627b7,0.9925532233684344,0.7912025837305499,16.78104211000027,12.634598934993846,3.9597620770000503,0.0004504269963945262,0.0015996919973986223,0.0,1236.0,9486.0,19092.0,125.150390625,1931.765625,125.150390625,1372.5625,182.671875,0.00045445633638529576,0.00031164369409019966,15.0,15.0,194.0,198.0,0.0,0.0
L_endless,endless_il_er_static_s0,endless_il,0,completed,20260914T143231Z_light24_d5e9bc63,0.9885748301919518,1.0034348205549883,91.15488980500233,71.94342412900733,18.991562459996203,,,0.0,4445.0,54752.0,71079.0,129.251953125,1941.28515625,129.251953125,1372.5625,274.80078125,,,,,,,,
L_endless,endless_il_orion_formula_s0,endless_il,0,completed,20260914T143410Z_light24_0d0e3d60,0.9916535769662836,0.9957089778943418,86.96747289099585,71.91425329800404,14.821549796994077,0.0002829589939210564,0.0021848319956916384,0.0,4683.0,54909.0,71079.0,125.150390625,1970.58203125,125.150390625,1372.5625,408.8984375,0.00657227099210232,0.004566503944431127,15.0,15.0,192.0,198.0,0.0,0.0
L_endless,endless_wc_er_static_s0,endless_wc,0,completed,20260914T143545Z_light24_b1cc561d,0.9830635799354857,0.9897945261723636,102.64231023199682,81.60699689899775,20.809617823004373,,,0.0,4642.0,57184.0,74241.0,129.251953125,1971.06640625,129.251953125,1372.5625,503.87890625,,,,,,,,
L_endless,endless_wc_orion_formula_s0,endless_wc,0,completed,20260914T143735Z_light24_0aca7541,0.9751749872901894,0.9959537328176744,95.15597624400108,79.27598318199307,15.636616247997154,0.00038049399881856516,0.0021298180072335526,0.0,4890.0,57422.0,74241.0,125.150390625,1973.58203125,125.150390625,1372.5625,644.37890625,0.010141208391349755,0.006660131986430869,15.0,15.0,193.0,198.0,0.0,0.0
L_endless,endless_ic_er_static_s1,endless_ic,1,completed,20260914T143919Z_light24_52675fd9,0.9285418873379288,0.8191104490888005,23.019155377995048,18.000413075991673,4.841847860996495,,,0.0,1195.0,9576.0,19092.0,129.251953125,1932.86328125,129.251953125,1372.5625,658.53515625,,,,,,,,
L_endless,endless_ic_orion_formula_s1,endless_ic,1,completed,20260914T143948Z_light24_207c6986,0.9779116465863452,0.91840519229503,19.85098281200044,16.23047628600034,3.4423517279938096,0.0009573499992256984,0.0014610780053772032,0.0,1236.0,9486.0,19092.0,125.150390625,1931.125,125.150390625,1372.5625,690.01953125,0.0009670208470107791,0.0004918120890867378,15.0,15.0,194.0,198.0,0.0,0.0
L_endless,endless_il_er_static_s1,endless_il,1,completed,20260914T144013Z_light24_95276843,0.9876768914871156,0.9915279731242423,89.02788569100085,70.63996689201304,18.065919130996917,,,0.0,4445.0,54752.0,71079.0,129.251953125,1970.3515625,129.251953125,1372.5625,825.19140625,,,,,,,,
L_endless,endless_il_orion_formula_s1,endless_il,1,completed,20260914T144148Z_light24_cf6d9622,0.9896146629592562,1.0041750300172243,86.90621105000173,72.26046774799761,14.403105103003327,0.0003028049977729097,0.0022195790079422295,0.0,4683.0,54909.0,71079.0,125.150390625,1974.44140625,125.150390625,1372.5625,839.4921875,0.007396034044750949,0.004927258205713155,15.0,15.0,192.0,198.0,0.0,0.0
L_endless,endless_wc_er_static_s1,endless_wc,1,completed,20260914T144323Z_light24_c126a852,0.9801153958078588,0.9975447467651936,94.2940101130007,73.94163877399114,20.119947674997093,,,0.0,4642.0,57184.0,74241.0,129.251953125,1973.5,129.251953125,1372.5625,843.81640625,,,,,,,,
L_endless,endless_wc_orion_formula_s1,endless_wc,1,completed,20260914T144506Z_light24_700e06b0,0.9830476686328956,1.00129694676799,92.18328011499398,76.31952663000993,15.616839191010513,0.0007974459949764423,0.002139507996616885,0.0,4890.0,57422.0,74241.0,125.150390625,1978.94140625,125.150390625,1372.5625,843.33203125,0.008493333738097405,0.005999039921522951,15.0,15.0,193.0,198.0,0.0,0.0
L_endless,endless_ic_er_static_s2,endless_ic,2,completed,20260914T144647Z_light24_55eeaeb5,0.9998070987654322,0.7595432850603852,24.364133701994437,19.175107752002077,5.00067623200448,,,0.0,1195.0,9576.0,19092.0,129.251953125,1932.09375,129.251953125,1372.5625,864.01171875,,,,,,,,
L_endless,endless_ic_orion_formula_s2,endless_ic,2,completed,20260914T144717Z_light24_76c5a728,0.9737654320987654,0.7969247144106198,16.880510616996617,13.202715239996905,3.495039847002772,0.0006809749975218438,0.001520249992609024,0.0,1236.0,9486.0,19092.0,125.150390625,1931.53515625,125.150390625,1372.5625,879.32421875,0.0005919766880677134,0.00034746046798116316,15.0,15.0,194.0,198.0,0.0,0.0
L_endless,endless_il_er_static_s2,endless_il,2,completed,20260914T144739Z_light24_75b1b87c,0.9777482811753646,1.0174413948735466,89.80862340800377,71.23765254799946,18.339517816006264,,,0.0,4445.0,54752.0,71079.0,129.251953125,1970.6015625,129.251953125,1372.5625,893.44921875,,,,,,,,
L_endless,endless_il_orion_formula_s2,endless_il,2,completed,20260914T144916Z_light24_fd0e58c6,0.9890539563214492,1.001529670984049,85.70742733600491,70.925794503004,14.53753590901033,0.0002837189895217307,0.002186345991503913,0.0,4683.0,54909.0,71079.0,125.150390625,1974.0078125,125.150390625,1372.5625,901.44140625,0.005366706850126962,0.004231188453088093,15.0,15.0,192.0,198.0,0.0,0.0
L_endless,endless_wc_er_static_s2,endless_wc,2,completed,20260914T145050Z_light24_76fd2bf7,0.9761768250231352,0.9909699401839333,95.19042542600071,75.86091555799794,19.09189610699832,,,0.0,4642.0,57184.0,74241.0,129.251953125,1975.31640625,129.251953125,1372.5625,902.78515625,,,,,,,,
L_endless,endless_wc_orion_formula_s2,endless_wc,2,completed,20260914T145233Z_light24_afbc1169,0.8905676061256551,1.107057440831926,86.76818752899999,71.48634915700677,15.026837830009754,0.0011708859965438023,0.0023757360031595454,0.0,4890.0,57348.0,74241.0,125.150390625,1976.34765625,125.150390625,1372.5625,908.0859375,0.006992899267344908,0.004575422732748399,15.0,15.0,192.0,198.0,0.0,0.0
L_selected,splitcifar100,splitcifar100,0,completed,20260914T133410Z_light24_d81149fb,0.4169,0.7236666666666667,25.9439490520017,21.284778279994498,4.212302637992252,,,0.0,3130.0,45072.0,50000.0,129.30908203125,2105.7265625,129.30908203125,1372.5625,93.01171875,,,,,,,,
L_selected,splitcifar100,splitcifar100,1,completed,20260914T133442Z_light24_043611d0,0.4051,0.6892222222222222,25.843445582999266,21.193680971991853,4.2099475909999455,,,0.0,3130.0,45072.0,50000.0,129.30908203125,2105.8125,129.30908203125,1372.5625,93.01171875,,,,,,,,
L_selected,splitcifar100,splitcifar100,2,completed,20260914T133513Z_light24_ce839283,0.4448,0.6694444444444445,25.72868644099799,21.071017412999936,4.220483460994728,,,0.0,3130.0,45072.0,50000.0,129.30908203125,2104.70703125,129.30908203125,1372.5625,93.01171875,,,,,,,,
L_selected,core50_nc,core50_nc,0,completed,20260914T133544Z_light24_9475fce8,0.5228619773401127,0.7508159789035557,113.95032664099564,68.5216688660148,44.970868285003235,,,0.0,7498.0,95984.0,119894.0,129.27880859375,1980.36328125,129.27880859375,1372.5625,93.01171875,,,,,,,,
L_selected,core50_nc,core50_nc,1,completed,20260914T133744Z_light24_1a54471b,0.5233437273416329,0.7116184103302701,111.86142932700022,67.18367032701644,44.21798373098136,,,0.0,7498.0,95984.0,119894.0,129.27880859375,1978.48046875,129.27880859375,1372.5625,93.01171875,,,,,,,,
L_selected,core50_nc,core50_nc,2,completed,20260914T133942Z_light24_e0a33448,0.4916199075653432,0.7704747684274108,111.77745035100088,67.138307823996,44.181629247985256,,,0.0,7498.0,95984.0,119894.0,129.27880859375,1976.6640625,129.27880859375,1372.5625,93.01171875,,,,,,,,
